,Function,CPU Time (s),Retiring,Front-End Bound,Bad Speculation,L1 Bound,L2 Bound,L3 Bound,Memory Bandwidth,Local DRAM,Remote DRAM,Remote Cache,Store Bound,Core Bound,CPU Time %,config
0,decode_mcu,1868.632,72660702374785.4,8578616827711.3955,21501519143416.15,10554974633849.791,1784834681199.9368,3565326934356.256,22969272237658.35,7638193245111.933,4158352249131.9854,81247458033.47047,9110559510914.938,14593638897332.379,20.562364321090467,8
1,jpeg_idct_islow,1472.182,92227804442657.22,10888788152551.79,27291752459954.004,13397367553739.96,2265480219157.6855,4525448619803.802,29154762875785.734,9695114000850.438,5278172182515.477,103126923165.74988,11563979888356.195,18523620476272.637,16.199841718942846,8
2,ImagingResampleHorizontal_8bpc,667.206,203499539272728.38,24025979862291.406,60218922971316.21,29561130085760.625,4998754807360.845,9985347853586.45,64329633006897.42,21392152228846.863,11646223325329.809,227548313414.4477,25515782292125.668,40872145394375.945,7.341912612658612,8
3,ycc_rgb_convert,537.976,252383217095186.44,29797384864752.332,74684422204708.03,36662162178238.44,6199531577616.846,12383979954496.111,79782587178610.19,26530871860454.742,14443822921468.615,282208871771.2314,31645060448793.254,50690255029964.16,5.919869994735703,8
4,ImagingResampleVertical_8bpc,463.466,292958088834995.44,34587818567057.777,86691206517845.98,42556224965801.164,7196211156805.461,14374914233190.783,92608987757462.25,30796158337396.918,16765911803670.602,327578722063.7544,36732539258543.234,58839571058071.14,5.099964435179594,8
5,jpeg_fill_bit_buffer,365.74,371236708043965.7,43829709411057.03,109855161371466.1,53927279925630.234,9119044129709.629,18215902006890.14,117354178159348.17,39024914748181.766,21245775906381.582,415108000218.7346,46547501066331.27,74561548203641.94,4.024590784485992,8
6,__memmove_avx_unaligned_erms,288.605,470456553420765.3,55544006236898.18,139215975883993.7,68340338386375.85,11556276571784.965,23084437206562.6,148719242979158.34,49455041735243.67,26924100691256.215,526053256180.59283,58988177751598.2,94489494776597.77,3.175799812316344,8
7,jpeg_idct_16x16,235.285,577070844295216.4,68131321248698.39,170764930701064.7,83827542597275.66,14175145886903.12,28315804237414.203,182421816605393.47,60662483031217.45,33025607582293.816,645266804088.6584,72356006715260.22,115902588945321.62,2.5890683073434313,8
8,AVX2::direct_copy_kernel(float),227.455,596936157042052.2,70476700534171.6,176643409553538.1,86713254753687.55,14663116660438.326,29290558572025.23,188701576663515.84,62750752104811.94,34162494031786.504,667479721263.5465,74846818227781.31,119892465059022.66,2.5029072480047607,8
9,AVX2::div_true_kernel(float),172.365,787724384880921.2,93001931482609.56,233100842514431.6,114427890581034.45,19349631305659.5,38652185768572.5,249012949960838.9,82806673744669.73,45081252458445.74,880814550517.7965,98768793200475.73,158211589591854.5,1.8966987219552904,8
10,decompress_onepass,144.185,941679880708811.5,111178540902312.98,278658853001352.5,136792061310122.44,23131388147172.035,46206498595554.32,297680876096681.4,98990687796927.55,53892083642542.56,1052963900544.4395,118072497416513.5,189132993307209.47,1.5866069400697564,8
11,ImagingUnpackRGB,143.64,945252809802283.6,111600375382901.7,279716142578668.94,137311078808131.47,23219153439153.44,46381815650236.7,298810339181286.56,99366279030910.62,54096561403508.77,1056959064327.4855,118520489000278.48,189850603174603.2,1.5806097782128503,8
12,_PyEval_EvalFrameDefault,121.255,1119756823223784.6,132203026019545.58,331354803678198.9,162660206671889.84,27505663271617.664,54944406416230.26,353973997938229.4,117710381592511.64,64083378664797.33,1252085274834.0276,140400668343573.47,224899102222588.78,1.3342859834113001,8
13,AVX2::direct_copy_kernel(unsigned char),85.275,1592214759308120.8,187983323600117.25,471163022222222.25,231291273644092.7,39111101729698.03,78127047786572.84,503325911697449.44,167375811433597.16,91122017941952.5,1780376429199.648,199639789387276.44,319790567458223.4,0.9383632611883933,8
14,"AVX2::copy_kernel(char**long const*, long, long)",47.62,2851241360772785.0,336629103737925.25,843730086518269.9,414182346913061.8,70037782444351.11,139905165896682.08,901325433011339.9,299726424191516.2,163175768164636.72,3188189836203.276,357502793784124.3,572661500209995.8,0.524008894726371,8
15,ImagingPackRGB,38.98,3483225079527963.5,411243661364802.5,1030744656747050.0,505986746023601.94,85561806054386.88,170915443817342.25,1101106134427911.9,366161424320164.2,199344024628014.38,3894858902001.0264,436744049256028.75,699593141097999.0,0.42893462235266566,8
16,_Py_DECREF,35.8,3792628871508380.5,447773126256983.3,1122302422346369.0,550931937430167.75,93161988826815.66,186097318435754.2,1198913886033519.8,398686377653631.3,217051119553072.62,4240826815642.4585,475538632402234.7,761735772067039.1,0.3939420082151214,8
17,add_kernel(float),34.235,3966003026142836.5,468242381188841.8,1173606739301884.2,576116937636921.4,97420744851759.9,194604469110559.38,1253720377391558.5,416911707901270.6,226973275303052.44,4434689645100.044,497277144442821.7,796557343069957.6,0.37672080031409727,8
18,__memset_avx2_unaligned_erms,30.015,4523608649008829.0,534075559553556.56,1338611584874229.8,657116886889888.5,111117747792770.28,221965150757954.34,1429988909545227.2,475527980009995.0,258884893553223.38,5058190904547.726,567192505080793.0,908550412793603.1,0.3302840607982366,8
19,_Py_INCREF,28.93,4693263518838576.0,554105700656757.7,1388815303145523.8,681761609402005.0,115285143449706.17,230289802972692.72,1483619672312478.2,493362333909436.6,268594195644659.53,5247894918769.443,588464674732112.0,942624978914621.5,0.3183447569179738,8
20,ImagingFlipLeftRight,22.595,6009122088957734.0,709461293206461.6,1778199899092720.0,872908314228811.9,147607842443018.38,294856561186103.1,1899584736446116.5,631687201593272.9,343900423987607.94,6719256472670.945,753453553441026.9,1206910406727152.2,0.24863462781063317,8
21,pymalloc_alloc,18.695,7262696635464028.0,857463381652848.4,2149153608986360.2,1055007400909334.1,178400599090665.94,356367156993848.6,2295860771329232.5,763464686814656.4,415642154586787.9,8120973522332.175,910632952126236.9,1458686313987697.2,0.20571915764194676,8
22,PyObject_GetAttr,10.63,1.277291755409219e+16,1508022381937911.5,3779720293508937.5,1855443401693321.0,313753452492944.5,626743555973659.4,4037734442144872.5,1342706709313264.2,730990600188146.6,14282370649106.303,1601531800564440.2,2565394227657572.5,0.11697216612644527,8
23,_int_free,10.175,1.3344089788697788e+16,1575457289434889.2,3948739726781327.5,1938414089434889.5,327783705159705.1,654769926289926.2,4218291608845208.5,1402749122358722.2,763678631941031.9,14921041769041.77,1673148210319410.2,2680112102211302.0,0.11196536127343186,8
24,__GI___pthread_mutex_lock,8.485,1.60018990689452e+16,1889249018267531.2,4735230020035358.0,2324497744254567.5,393070029463759.6,785183736004714.2,5058469902180319.0,1682141699469652.2,915784334708308.8,17892940483205.656,2006397529758397.2,3213923469652327.5,0.09336865753366774,8
27,__GI___libc_malloc,7.74,1.7542133540051678e+16,2071095338501291.8,5191011204134368.0,2548238160206719.0,430904289405684.75,860760206718346.2,5545363968992248.0,1844053271317829.2,1003931534883720.9,19615193798449.613,2199519772609819.2,3523273984496124.0,0.08517070233477765,8
29,_PyRuntimeState_GetThreadState,5.675,2.392530636123348e+16,2824718576211454.0,7079898981497798.0,3475482530396476.5,587700299559471.4,1173970748898678.5,7563192444052864.0,2515061201762114.5,1369238780616740.0,26752704845814.977,2999873663436123.5,4805311125991190.0,0.062447511078793684,8
30,__tls_get_addr,5.66,2.398871265017668e+16,2832204579505300.5,7098661964664312.0,3484693173144877.0,589257809187279.1,1177081978798586.5,7583236240282686.0,2521726558303886.5,1372867505300353.2,26823604240282.684,3007823858657244.0,4818046049469965.0,0.062282451578144896,8
31,c10::impl::OperatorEntry::lookup,4.945,2.745725249747219e+16,3241714442871587.0,8125061015166836.0,3988546685540951.0,674458887765419.5,1347276845298281.0,8679700125379170.0,2886344250758341.5,1571371098078867.5,30702042467138.52,3442726600606673.0,5514689714863498.0,0.05441461538055239,8
32,__pthread_mutex_unlock_usercnt,4.74,2.864474970464135e+16,3381915172995780.5,8476461333333334.0,4161047122362869.5,703628523206751.0,1405545147679324.8,9055088000000000.0,3011175594936708.5,1639331240506329.0,32029873417721.516,3591620894514768.0,5753194227848101.0,0.052158802205018874,8
33,__GI_,4.73,2.8705309429175476e+16,3389065099365750.5,8494381970401692.0,4169844262156448.5,705116109936575.0,1408516701902748.2,9074231949260042.0,3017541716701902.5,1642797057082452.2,32097589852008.453,3599214173361522.0,5765357429175475.0,0.05204876253791968,8
34,PyVectorcall_Function,4.69,2.89501308315565e+16,3417969705756929.5,8566828724946695.0,4205407965884861.5,711129893390191.8,1420529637526652.2,9151624119402984.0,3043277680170575.5,1656808119402985.0,32371343283582.086,3629911095948827.5,5814528921108741.0,0.05160860386952289,8
35,up_read,4.58,2.964543965065502e+16,3500060681222707.5,8772582253275111.0,4306411213973800.0,728209432314410.5,1454647161572052.2,9371422951965066.0,3116369502183406.0,1696600454148471.8,33148820960698.688,3717092366812227.5,5954179179039302.0,0.05039816753143173,8
36,down_read_trylock,3.95,3.437369964556962e+16,4058298207594936.5,1.0171753600000002e+16,4993256546835444.0,844354227848101.2,1686654177215189.8,1.08661056e+16,3613410713924051.0,1967197488607595.0,38435848101265.82,4309945073417721.0,6903833073417721.0,0.04346566850418239,8
37,tupledealloc,3.85,3.5266523012987012e+16,4163708550649351.0,1.0435954992207794e+16,5122951522077923.0,866285506493506.5,1730463376623376.5,1.114834210909091e+16,3707265537662337.5,2018293527272727.2,39434181818181.82,4421891698701298.5,7083153412987012.0,0.04236527183319043,8
38,ImagingJpegDecode,3.835,3.540446247718383e+16,4179994242503259.5,1.0476773590612778e+16,5142989142112126.0,869673846153846.2,1737231812255541.0,1.1191947097783572e+16,3721765924380704.0,2026187765319426.2,39588422425032.59,4439187233376793.0,7110858054758800.0,0.04220021233254164,8
39,arena_map_get,3.715,3.654807903095558e+16,4315014244952894.0,1.0815188888290716e+16,5309115305518170.0,897765598923284.0,1793346971736204.8,1.1553463558546434e+16,3841984473755047.0,2091636629878869.5,40867187079407.805,4582579553162853.0,7340549297442800.0,0.040879736327351285,8
40,vgetargs1_impl,3.635,3.735243840440165e+16,4409980170563961.5,1.1053212302613482e+16,5425959658872078.0,917523851444291.6,1832815405777166.5,1.180773510866575e+16,3926539840440165.5,2137669898211829.8,41766602475928.48,4683434123796424.0,7502101964236589.0,0.039999418990557714,8
41,__GI___clock_gettime,3.09,4.3940489838187704e+16,5187792207119741.0,1.3002727093851136e+16,6382965488673141.0,1079352491909385.1,2156078964401294.5,1.3890329165048544e+16,4619084893203884.0,2514702291262136.0,49133203883495.15,5509476711974110.0,8825288233009709.0,0.034002257133651535,8
42,jpeg_read_scanlines,2.975,4.563902978151261e+16,5388328712605042.0,1.3505353519327732e+16,6629701969747900.0,1121075361344537.8,2239423193277311.0,1.4427266258823528e+16,4797637754621848.0,2611909270588235.0,51032470588235.29,5722448080672269.0,9166433828571428.0,0.032736800962010794,8
44,__libc_calloc,2.375,5.71688899368421e+16,6749590703157895.0,1.6917232303157896e+16,8304574046315791.0,1404294400000000.0,2805172210526315.5,1.807204931368421e+16,6009672555789473.0,3271760033684210.5,63924884210526.32,7168119174736842.0,1.148216448e+16,0.026134420936059034,8
45,generic_file_buffered_read,2.35,5.777706961702127e+16,6821394859574468.0,1.7097202859574468e+16,8392920578723405.0,1419233702127659.5,2835014468085106.0,1.826430515744681e+16,6073605242553191.0,3306565991489361.5,64604936170212.766,7244375761702128.0,1.1604315165957446e+16,0.02585932176831104,8
46,ext4_mpage_readpages,2.035,6.6720448943488936e+16,7877286447174447.0,1.9743698633906636e+16,9692070447174448.0,1638918525798525.8,3273849631449631.0,2.1091458044226044e+16,7013745611793611.0,3818393159705159.5,74605208845208.84,8365741051597052.0,1.340056051105651e+16,0.02239307225468637,8
47,PyEval_RestoreThread,1.75,7.758635062857142e+16,9160158811428572.0,2.2959100982857148e+16,1.127049334857143e+16,1905828114285714.5,3807019428571429.0,2.452635264e+16,8155984182857142.0,4440245760000000.0,86755200000000.0,9728161737142858.0,1.5582937508571428e+16,0.019256941742359285,8
49,_Py_NewReference,1.735,7.825712599423632e+16,9239353268011526.0,2.315759465129683e+16,1.1367932772334296e+16,1922305014409222.0,3839933141210374.0,2.4738396034582132e+16,8226497014409222.0,4478634051873198.5,87505244956772.33,9812266881844380.0,1.5717660311239194e+16,0.019091882241710496,8
50,__pthread_cond_signal,1.7,7.986830211764706e+16,9429575247058824.0,2.3634368658823536e+16,1.1601978447058824e+16,1961881882352941.5,3918990588235294.5,2.524771595294118e+16,8395866070588236.0,4570841223529412.0,89306823529411.77,1.001428414117647e+16,1.60412592e+16,0.018706743406863305,8
51,tuple_alloc,1.59,8.539378213836477e+16,1.0081935798742138e+16,2.52694507672956e+16,1.2404631044025158e+16,2097609559748427.8,4190115723270440.0,2.6994413283018864e+16,8976712150943395.0,4887062943396226.0,95485283018867.92,1.0707096251572326e+16,1.7151031849056604e+16,0.017496307068772154,8
52,object_dealloc,1.52,8.932639052631579e+16,1.054623547368421e+16,2.6433175473684216e+16,1.2975896947368424e+16,2194210000000000.0,4383081578947369.0,2.823757705263158e+16,9390113368421054.0,5112125052631579.0,99882631578947.36,1.1200186210526316e+16,1.7940882e+16,0.01672602939907778,8
53,down_read,1.495,9.082014287625418e+16,1.0722593926421404e+16,2.6875201819397996e+16,1.3192885190635454e+16,2230902474916388.0,4456377257525083.5,2.8709777337792636e+16,9547138675585284.0,5197612093645484.0,101552909698996.64,1.138748029431438e+16,1.824089674916388e+16,0.01645093023132979,8
54,do_mkvalue,1.485,9.143172632996632e+16,1.0794799946127946e+16,2.7056179609427612e+16,1.328172616835017e+16,2245925387205387.0,4486386531986532.0,2.890310917171717e+16,9611429171717170.0,5232612848484848.0,102236767676767.67,1.1464163663299662e+16,1.8363731070707068e+16,0.016340890564230593,8
55,omp_get_max_threads,1.455,9.331691656357387e+16,1.101737314089347e+16,2.761403898281787e+16,1.3555576192439864e+16,2292233127147766.5,4578889347079038.0,2.9499049567010308e+16,9809602969072164.0,5340501773195876.0,104344742268041.23,1.1700538171821304e+16,1.874236470103093e+16,0.016010771562933006,8
56,__tls_get_addr_slow,1.4,9.698293828571429e+16,1.1450198514285716e+16,2.8698876228571436e+16,1.4088116685714288e+16,2382285142857143.0,4758774285714286.0,3.06579408e+16,1.019498022857143e+16,5550307200000000.0,108444000000000.02,1.2160202171428572e+16,1.947867188571429e+16,0.015405553393887429,8
57,__GI___pthread_once,1.39,9.768065726618706e+16,1.1532574043165468e+16,2.890534296402878e+16,1.4189470043165472e+16,2399423884892086.5,4793010071942446.0,3.0878501525179856e+16,1.0268325410071944e+16,5590237467625900.0,109224172661870.5,1.224768564028777e+16,1.961880621582734e+16,0.01529551372678823,8
59,__do_page_cache_readahead,1.32,1.0286069212121211e+17,1.214414993939394e+16,3.0438202060606064e+16,1.494194193939394e+16,2526666060606060.5,5047184848484848.0,3.251599781818182e+16,1.0812857818181818e+16,5886689454545454.0,115016363636363.62,1.289718412121212e+16,2.0659197454545452e+16,0.014525236057093863,8
60,read_markers,1.235,1.0994017295546557e+17,1.297998212145749e+16,3.2533139044534412e+16,1.5970334704453444e+16,2700566153846153.5,5394561943319838.0,3.475394098785425e+16,1.1557062607287448e+16,6291846218623481.0,122932469635627.52,1.3784844566801618e+16,2.2081085538461536e+16,0.013589898886750697,8
61,_PyDict_LoadGlobal,1.155,1.175550767099567e+17,1.3879028502164502e+16,3.4786516640692644e+16,1.7076505073593076e+16,2887618354978355.0,5768211255411255.0,3.716114036363636e+16,1.2357551792207792e+16,6727645090909091.0,131447272727272.73,1.4739638995670996e+16,2.3610511376623376e+16,0.01270958154995713,8
62,PyEval_SaveThread,1.15,1.1806618573913045e+17,1.3939372104347826e+16,3.49377623652174e+16,1.715075074782609e+16,2900173217391304.5,5793290434782609.0,3.732271053913044e+16,1.241128027826087e+16,6756895721739131.0,132018782608695.66,1.4803724382608696e+16,2.3713165773913044e+16,0.012654561716407532,8
63,decode_mcu,2006.758,70043943833785.63,8842674602518.09,20272608615488.27,11063037516232.648,1723435710733.4316,3401628856095.254,20025578051763.094,10037751238564.889,4009520151408.3906,0.0,10141286034489.459,14616338352706.205,20.682727757228257,12
64,jpeg_idct_islow,1602.037,87739075090026.02,11076590615572.549,25394057390684.49,13857881584507.725,2158825545227.7322,4260978941185.5034,25084619743489.07,12573578263173.697,5022441204541.468,0.0,12703268950717.117,18308849246303.3,16.511455356354222,12
65,ImagingResampleHorizontal_8bpc,667.346,210627237804677.03,26590566213028.926,60961209807206.47,33267359121055.645,5182496635927.989,10228945584449.445,60218370920032.484,30184248650625.01,12056918959580.188,0.0,30495585318560.387,43952393391134.44,6.878026965820118,12
66,ycc_rgb_convert,591.146,237777545039634.9,30018147801050.844,68819241811667.516,37555593778863.43,5850531679145.254,11547478829257.07,67980649382724.4,34075063689849.89,13611081932382.188,0.0,34426532328730.977,49617952113352.71,6.092668763634904,12
67,ImagingResampleVertical_8bpc,457.296,307374752108043.8,38804424267870.266,88962552744830.5,48548071795948.36,7562975403239.915,14927412266890.592,87878505300724.25,44048794653790.98,17595029565095.695,0.0,44503137748854.13,64141068192155.625,4.713138640767572,12
68,jpeg_fill_bit_buffer,396.996,354062118106983.44,44698455400054.414,102475137079466.83,55922072363449.516,8711721024896.978,17194747352618.164,101226432911162.84,50739396870497.44,20267550907313.93,0.0,51262750455923.99,73883499884129.83,4.091654394156439,12
69,__memmove_avx_unaligned_erms,337.31,416712355518662.4,52607713972310.336,120607807417509.12,65817316533752.33,10253234116984.377,20237306691174.293,119138148765230.78,59717582046188.97,23853833684148.113,0.0,60333541490024.01,86956965165574.69,3.476498361930368,12
70,jpeg_idct_16x16,242.15,580471792855668.0,73281470163122.03,168004210282882.53,91682176502168.08,14282545529630.395,28190154532314.68,165957005822837.1,83185371051001.44,33227902704934.953,0.0,84043389964897.8,121129274912244.48,2.4957281976266303,12
71,AVX2::direct_copy_kernel(float),230.375,610141051068909.4,77027055887140.53,176591294715138.38,96368264959305.48,15012559522517.633,29631018643516.008,174439452892023.88,87437168095496.47,34926257797069.996,0.0,88339042344004.34,127320472794357.03,2.374368711659034,12
72,AVX2::div_true_kernel(float),158.105,889037314695929.9,112236222763353.47,257311403940419.38,140418323519180.3,21874819898168.938,43175395591537.27,254175952436671.8,127404810727048.48,50891095411277.32,0.0,128718932861073.34,185518825590588.56,1.629515204153452,12
73,decompress_onepass,156.52,898040152312803.4,113372783030922.56,259917068234091.5,141840269869665.22,22096335292614.363,43612611295681.06,256749865576284.2,128694975721952.47,51406444160490.664,0.0,130022405315614.6,187397482238691.53,1.6131793412864766,12
74,ImagingUnpackRGB,155.925,901467017091550.4,113805406445406.44,260908895430495.47,142381523424723.4,22180653519320.184,43779034279300.94,257729606926406.88,129186067660734.33,51602607920474.586,0.0,130518562642295.97,188112579252845.9,1.6070469511250562,12
75,_PyEval_EvalFrameDefault,141.05,996534878695498.0,125807217298830.2,288424101524282.2,157396944629563.97,24519804324707.55,48395929953917.05,284909528252392.75,142809908543069.8,57044570294221.9,0.0,144282927188940.1,207950754484225.44,1.4537371970895572,12
76,AVX2::direct_copy_kernel(unsigned char),85.985,1634718202477176.2,206374460661743.34,473131587137291.5,258194325056695.94,40222345757981.04,79388799441763.1,467366272721986.44,234265716113275.6,93576049776123.75,0.0,236682059428970.16,341122915857417.0,0.8862076773608335,12
77,"AVX2::copy_kernel(char**long const*, long, long)",55.83,2517665137739567.0,317841805480924.25,728680270822138.8,397650708221386.4,61947311481282.47,122268420562421.62,719800984416980.1,360797735984237.9,144118514060540.94,0.0,364519198996955.0,525370838617230.9,0.575414021364835,12
78,_Py_DECREF,41.15,3415826115188335.5,431229842041312.3,988632309113001.4,539510061725394.94,84046619684082.62,165886899635479.97,976585393924665.9,489510026731470.2,195531874605103.28,0.0,494559097934386.44,712793533900364.5,0.4241140422561877,12
79,ImagingPackRGB,37.57,3741316067074794.0,472321213734362.5,1082837889805696.2,590919324993345.8,92055320734628.69,181694062283737.0,1069643038594623.5,536154846952355.56,214163871173808.88,0.0,541685038062283.7,780714770295448.5,0.38721663590680366,12
80,__memset_avx2_unaligned_erms,35.445,3965615591479757.0,500637833262801.56,1147756228523064.0,626346143038510.4,97574224855409.8,192586991677246.44,1133770319085907.8,568298422908731.9,227003431795739.9,0.0,574160160248272.0,827520212159684.0,0.36531524247316094,12
81,_Py_INCREF,35.365,3974586303972854.0,501770337904708.0,1150352594938498.8,627763015410716.8,97794949809133.31,193022647250106.03,1136335047645977.5,569583984165135.0,227516941608935.34,0.0,575458981478863.2,829392165135020.4,0.36449071942624733,12
82,add_kernel(float),30.935,4543760938742525.0,573625602068854.1,1315087102634556.8,717660870858251.1,111799528042670.12,220664164215290.12,1299062193631808.5,651150399224179.8,260098161952481.0,0.0,657866716663972.9,948164018748989.9,0.3188327557034062,12
83,ImagingFlipLeftRight,23.16,6069138369602763.0,766196373056994.9,1756572518134715.2,958585450777202.1,149331537132987.9,294742915371329.9,1735167917098445.5,869746873920552.6,347415226252158.9,0.0,878717913644214.1,1266470376511226.2,0.23869942208148984,12
84,pymalloc_alloc,18.89,7441039949179459.0,939391635786130.2,2153637878242456.8,1175269403917416.5,183087263102170.47,361368232927474.9,2127394862890418.0,1066349264160931.6,425946884065643.2,0.0,1077348167284277.4,1552750339862361.0,0.19469050445247596,12
85,PyObject_GetAttr,13.225,1.0628449500189036e+16,1341785103969754.2,3076160266162571.5,1678702384877126.8,261513678638941.4,516162262381852.56,3038675913799622.0,1523125716446124.8,608403526654064.2,0.0,1538836058979206.0,2217879313421550.0,0.13630396619290602,12
86,_int_free,11.175,1.2578187439821028e+16,1587929127516778.5,3640467071140940.0,1986652263087248.0,309487105145413.9,610849746756152.0,3596106394630872.0,1802535803131991.0,720012227293064.9,0.0,1821128132438478.5,2624738605816554.5,0.11517556311574478,12
87,__GI___libc_malloc,9.55,1.4718454936125654e+16,1858126492146597.0,4259918274345550.0,2324695187434554.5,362148523560209.4,714790148691099.4,4208009315183246.0,2109250010471204.0,842527396858638.6,0.0,2131005956020942.2,3071356431413612.5,0.0984274387253121,12
89,__GI___pthread_mutex_lock,7.58,1.8543699820580476e+16,2341043271767810.0,5367047430079156.0,2928870585751979.0,456268918205804.8,900560147757255.9,5301647620052770.0,2657432401055409.0,1061495598944591.0,0.0,2684842596306069.0,3869584949868074.0,0.07812355869506447,12
92,_PyRuntimeState_GetThreadState,6.55,2.145973200610687e+16,2709176793893129.5,6211025880916032.0,3389441074809160.5,528018076335877.8,1042174949618320.8,6135341825954198.0,3075318717557252.0,1228417807633588.0,0.0,3107039218320611.0,4478084567938931.0,0.06750782446605175,12
93,c10::impl::OperatorEntry::lookup,5.405,2.6005780691951892e+16,3283091211840888.0,7526775119333952.0,4107463282146161.0,639873894542090.6,1262950216466235.0,7435058086956522.0,3726796965772433.0,1488646926919519.0,0.0,3765237165587419.0,5426725979648473.0,0.05570683835710072,12
94,__pthread_mutex_unlock_usercnt,5.335,2.634699993252109e+16,3326168322399250.5,7625533180880977.0,4161356895970009.5,648269615745079.8,1279521259606373.0,7532612738519212.0,3775695895032802.5,1508179313964386.2,0.0,3814640464854733.0,5497929507029053.0,0.054985380691051314,12
95,__tls_get_addr,5.205,2.700504219788665e+16,3409242651296830.0,7815988380403459.0,4265290881844380.5,664460787704130.6,1311478562920269.0,7720747158501441.0,3869997617675312.5,1545847577329490.8,0.0,3909914866474544.0,5635245709894332.0,0.0536455307398167,12
96,PyVectorcall_Function,5.165,2.721418095643756e+16,3435645304937076.5,7876518784123912.0,4298323144240077.5,669606660212971.9,1321635221684414.2,7780539972894483.0,3899968557599226.0,1557819291384317.5,0.0,3940194942884801.5,5678887496611810.0,0.053233269216359895,12
97,tupledealloc,4.67,3.0098767588865092e+16,3799808993576017.0,8711396042826555.0,4753926989293362.0,740582098501070.8,1461722895074946.5,8605243888650964.0,4313348522483940.0,1722941464668094.2,0.0,4357838732334047.0,6280825250535332.0,0.04813153286358193,12
98,jpeg_read_scanlines,4.52,3.1097620495575224e+16,3925908849557522.5,9000491044247789.0,4911690053097345.0,765158938053097.5,1510231398230088.8,8890816141592922.0,4456490619469027.5,1780118725663716.8,0.0,4502457274336283.5,6489259716814160.0,0.046585552150618915,12
100,arena_map_get,4.455,3.1551345598204264e+16,3983189225589226.0,9131811340067340.0,4983353319865320.0,776322873176206.5,1532266199775533.0,9020536242424242.0,4521512368125702.0,1806091277216610.5,0.0,4568149692480359.0,6583940273849607.0,0.04591562717500161,12
101,generic_file_buffered_read,4.09,3.436705247921761e+16,4338657212713936.5,9946752938875308.0,5428078004889976.0,845603520782396.1,1669008782396088.0,9825547422982886.0,4925021418092909.0,1967270572127139.5,0.0,4975820753056235.0,7171504625916870.0,0.042153740773458265,12
102,ImagingJpegDecode,4.03,3.487872075434243e+16,4403252605459057.0,1.0094843553349876e+16,5508893062034739.0,858193151364764.2,1693857548387096.8,9971833488833746.0,4998346799007444.0,1996559960297766.8,0.0,5049902451612903.0,7278276406947891.0,0.04153534848827306,12
103,__GI___clock_gettime,3.96,3.54952637979798e+16,4481087878787879.0,1.027328775757576e+16,5606272484848485.0,873363232323232.4,1723799474747474.8,1.0148103272727274e+16,5086701414141414.0,2031852686868686.8,0.0,5139168404040404.0,7406932808080808.0,0.04081389082222365,12
104,__libc_calloc,3.645,3.856275573113854e+16,4868342386831276.0,1.1161102748971196e+16,6090765168724280.0,948839067215363.5,1872769799725651.5,1.1025099851851852e+16,5526292894375857.0,2207444894375857.5,0.0,5583294068587105.0,8047038112482853.0,0.03756733132500131,12
105,__GI_,3.64,3.861572654945055e+16,4875029670329670.0,1.1176433934065936e+16,6099131604395604.0,950142417582417.6,1875342285714285.5,1.1040244219780218e+16,5533883956043955.0,2210477098901098.8,0.0,5590963428571428.0,8058091736263736.0,0.03751579863456922,12
106,up_read,3.3,4.259431655757576e+16,5377305454545455.0,1.232794530909091e+16,6727526981818182.0,1048035878787878.9,2068559369696970.0,1.2177723927272728e+16,6104041696969698.0,2438223224242424.0,0.0,6167002084848485.0,8888319369696970.0,0.034011575685186375,12
107,vgetargs1_impl,3.195,4.3994129777777784e+16,5554024413145540.0,1.2733089051643196e+16,6948619417840376.0,1082478372456964.0,2136540194053208.2,1.257793081690141e+16,6304644006259781.0,2518352625978091.0,0.0,6369673514866980.0,9180423762128326.0,0.03292938918611226,12
108,down_read_trylock,3.055,4.601022737806874e+16,5808545990180033.0,1.331660213420622e+16,7267050422258592.0,1132084582651391.0,2234450382978723.5,1.3154333538461538e+16,6593563862520458.0,2633759947626841.0,0.0,6661573446808510.0,9601130579378068.0,0.03148647385401345,12
109,_Py_NewReference,2.18,6.44776351559633e+16,8139957798165138.0,1.8661568587155964e+16,1.0183871119266054e+16,1586476330275229.2,3131305467889908.0,1.843416924770642e+16,9240063119266054.0,3690888366972476.5,0.0,9335370128440366.0,1.3454795376146788e+16,0.022468253028395852,12
110,__pthread_cond_signal,2.13,6.599119466666667e+16,8331036619718311.0,1.909963357746479e+16,1.0422929126760564e+16,1623717558685446.0,3204810291079812.5,1.886689622535211e+16,9456966009389672.0,3777528938967136.5,0.0,9554510272300470.0,1.377063564319249e+16,0.021952926124074842,12
111,tuple_alloc,2.06,6.823361390291262e+16,8614130097087378.0,1.9748650252427188e+16,1.0777106330097088e+16,1678892427184466.0,3313711611650485.0,1.9508004349514564e+16,9778319223300970.0,3905891572815533.5,0.0,9879178097087378.0,1.4238569864077668e+16,0.021231468458025437,12
112,down_read,1.98,7.09905275959596e+16,8962175757575758.0,2.054657551515152e+16,1.121254496969697e+16,1746726464646464.8,3447598949494949.5,2.0296206545454548e+16,1.0173402828282828e+16,4063705373737373.5,0.0,1.0278336808080808e+16,1.4813865616161616e+16,0.020406945411111824,12
113,object_dealloc,1.73,8.12492743583815e+16,1.0257287861271676e+16,2.35157338265896e+16,1.2832854936416184e+16,1999143583815029.0,3945806890173410.0,2.3229184369942196e+16,1.164354774566474e+16,4650946034682081.0,0.0,1.1763645595375724e+16,1.6954597641618496e+16,0.017830310889506797,12
114,__GI___pthread_once,1.675,8.391716097910448e+16,1.059409432835821e+16,2.428789225074627e+16,1.3254232262686568e+16,2064787104477611.8,4075370698507462.5,2.3991933707462684e+16,1.202587319402985e+16,4803663665671641.0,0.0,1.214991455522388e+16,1.7511315773134328e+16,0.017263451294753693,12
116,_PyDict_LoadGlobal,1.485,9.465403679461278e+16,1.1949567676767676e+16,2.739543402020202e+16,1.495005995959596e+16,2328968619528619.5,4596798599326599.0,2.7061608727272724e+16,1.3564537104377104e+16,5418273831649831.0,0.0,1.3704449077441076e+16,1.975182082154882e+16,0.01530520905833387,12
117,omp_get_max_threads,1.475,9.52957590779661e+16,1.2030581694915254e+16,2.7581165776271188e+16,1.5051416298305084e+16,2344758237288135.5,4627963335593220.0,2.7245077261016948e+16,1.365650006779661e+16,5455007891525423.0,0.0,1.3797360596610168e+16,1.988573147118644e+16,0.015202143677469668,12
118,do_mkvalue,1.445,9.727421774394464e+16,1.2280351557093424e+16,2.81537851349481e+16,1.5363902449826988e+16,2393438339100346.0,4724045619377162.0,2.781071900346021e+16,1.3940026020761246e+16,5568260650519031.0,0.0,1.4083810989619376e+16,2.029858402768166e+16,0.014892947534877066,12
119,__do_page_cache_readahead,1.34,1.0489645122388059e+17,1.324261791044776e+16,3.0359865313432836e+16,1.656779032835821e+16,2580983880597015.0,5094213373134328.0,2.9989917134328356e+16,1.5032341492537312e+16,6004579582089552.0,0.0,1.518739319402985e+16,2.1889144716417908e+16,0.013810761035802952,12
120,__tls_get_addr_slow,1.295,1.0854150165250966e+17,1.3702786100386102e+16,3.1414841328185336e+16,1.714350505019305e+16,2670670579150579.5,5271232370656371.0,3.103203780694981e+16,1.555470084942085e+16,6213232926640927.0,0.0,1.571514044787645e+16,2.264977136679537e+16,0.013346966821914047,12
121,decode_mcu,1957.253,76406470578918.52,10495352578333.0,21573225658614.4,12713443177759.852,1915889422573.3718,3611421272569.259,21020142822619.254,13884257170636.604,4398143070926.446,33729967459.495525,11703050755318.807,11286786123204.307,19.042667769318705,16
122,jpeg_idct_islow,1574.652,94971329385794.45,13045460406489.814,26814979208104.4,15802491471131.4,2381402570218.6895,4488906196416.732,26127511094514.85,17257783942102.762,5466781688906.501,41925504809.95166,14546598994571.5,14029192481894.412,15.32023447571328,16
123,ImagingResampleHorizontal_8bpc,761.416,196406161362514.03,26978761045210.5,55454916418882.72,32680459564810.82,4924877228742.238,9283315717032.475,54033192893241.01,35690087941414.414,11305618374187.041,86704350841.06453,30083201823970.074,29013175452052.492,7.4080315228759765,16
124,ycc_rgb_convert,595.736,251028633085796.38,34481817986490.66,70877470288852.8,41769214551412.04,6294533686062.282,11865096485691.648,69060351565122.805,45615849973813.91,14449821263109.832,110817677629.01688,38449634066096.39,37082022909476.69,5.796083963709775,16
125,ImagingResampleVertical_8bpc,537.191,278386632985288.28,38239770063161.89,78601950963437.6,46321373217347.27,6980534521241.048,13158197214770.908,76586796130240.45,50587228751040.13,16024614559812.057,122894985210.10217,42640012956285.56,41123354635502.08,5.226483107532898,16
126,jpeg_fill_bit_buffer,393.516,380027225729068.2,52201334431128.59,107299984346252.77,63233578304312.914,9529168623385.07,17962332205043.758,104549084662377.12,69056922717246.555,21875295337419.57,167764665223.26917,58208131816749.516,56137732646194.81,3.828628414370151,16
127,__memmove_avx_unaligned_erms,391.131,382344518230465.0,52519642574994.06,107954267598323.86,63619157775783.57,9587274647113.117,18071861141152.195,105186593749920.11,69478011203407.555,22008684353835.418,168787644037.4197,58563067616731.99,56480043770501.45,3.805424075110062,16
128,jpeg_idct_16x16,265.07,564178495340853.4,77496737918285.75,159294754744029.9,93874919077979.4,14146754894933.414,26666409325838.457,155210840909948.3,102520104123439.1,32475492209605.01,249059041008.0356,86414272456332.28,83340611913834.08,2.5789409675771653,16
129,AVX2::direct_copy_kernel(float),248.705,601301918980318.0,82596089021129.44,169776484751010.25,100051968396292.78,15077623369051.688,28421081683118.555,165423845921875.3,109266013952272.77,34612407149031.984,265447337206.73083,92100404897368.36,88824494883496.52,2.419721256050398,16
130,AVX2::div_true_kernel(float),197.18,758427800791155.2,104179228725022.81,214140686885079.62,126196494573486.16,19017549041484.938,35847779287960.234,208650662338979.62,137818257429759.6,43656956689319.41,334811238462.31866,116167112283193.02,112035175981336.84,1.9184199644881181,16
131,_PyEval_EvalFrameDefault,171.875,870090436421818.1,119517441861818.19,245668425541818.22,144776289745454.53,21817485498181.816,41125615243636.37,239370109672727.28,158109114181818.2,50084530734545.45,384105192727.27277,133270290618181.81,128530013090909.08,1.6722204655461776,16
132,ImagingUnpackRGB,159.75,936130164381846.6,128588796995305.17,264314620594679.25,155764787480438.2,23473429233176.84,44247043004694.836,257538263536776.22,170109571205007.84,53885938779342.73,413258716744.91394,143385484820031.3,138285420970266.05,1.5542529127040108,16
133,decompress_onepass,156.935,952921870583362.5,130895340873610.08,269055727785388.88,158558796954153.0,23894480644852.965,45040718259151.88,262157820753815.28,173160888265842.56,54852510402395.9,420671488195.7498,145957442253162.12,140765896708828.5,1.5268649818792108,16
134,AVX2::direct_copy_kernel(unsigned char),105.44,1418311776934749.5,194822271623672.25,400457707132018.25,235996062215477.97,35564115326251.9,67037795144157.81,390190986342943.9,257729552352048.6,81641490136570.56,626119878603.9453,217240432473444.62,209513429438543.25,1.0258555687981903,16
135,"AVX2::copy_kernel(char**long const*, long, long)",77.355,1933253102708293.0,265555688966453.38,545850438110012.3,321678298752504.7,48476250016159.266,91376964902074.84,531856216146338.25,351302488526921.3,111282770603063.8,853442957791.9979,296113130372955.9,285580712300433.06,0.7526086639262521,16
136,_Py_INCREF,51.495,2904103189824255.0,398913687154092.6,819968164676182.4,483220211671036.06,72820280027187.11,137265076609379.56,798946258860083.5,527721215652005.06,167167272939120.3,1282028934848.0437,444816607437615.3,428994970385474.3,0.5010094130810206,16
137,_Py_DECREF,50.25,2976055597213930.5,408797220298507.5,840283793830845.9,495192533333333.3,74624483980099.5,140665972537313.42,818741046766169.1,540796099502487.6,171309029253731.34,1313792636815.9204,455837436815920.44,439623800995024.9,0.48889645610877336,16
138,ImagingPackRGB,45.615,3278456511235339.0,450335642222952.94,925666132631809.8,545509696371807.5,82207175709744.6,154959226570207.16,901934398772333.6,595747100734407.5,188715964485366.66,1447288830428.587,502155676860681.75,484294552230625.9,0.44380123075426264,16
139,add_kernel(float),37.995,3935959830504014.0,540651673114883.6,1111310978813002.0,654913141202789.9,98694047111462.03,186036718515594.16,1082819781550204.1,715225792867482.6,226563461508093.16,1737546519278.8525,602864355836294.4,581421134359784.1,0.36966409651448445,16
140,__memset_avx2_unaligned_erms,33.705,4436932020768432.0,609466260792167.4,1252759550215102.0,738271022103545.5,111255906245364.19,209715624388073.0,1220641970034119.5,806260317460317.5,255400644414775.28,1958702863076.6948,679597424714434.1,655424892449191.5,0.32792547369445185,16
141,ImagingFlipLeftRight,31.37,4767191385400063.0,654831377749442.1,1346007671023270.8,793223614918712.1,119537147593241.94,225325633407714.34,1311499445329933.0,866273637233025.2,274411180108383.78,2104497290404.8455,730182696844118.5,704210902135798.5,0.30520759856979546,16
142,pymalloc_alloc,25.345,5900445601104755.0,810497546656145.2,1665979902939436.2,981788313276780.5,147953455119352.94,278889923850858.16,1623268400078911.2,1072203748273821.2,339644060761491.44,2604777273623.9893,903761341487472.9,871615545472479.8,0.2465886702502858,16
143,PyObject_GetAttr,17.395,8597113754527162.0,1180917523426272.0,2427379168726646.0,1430492946248922.0,215572309284277.1,406350394941075.06,2365147318194883.5,1562230755964357.5,494870866340902.56,3795233112963.4956,1316805472837022.0,1269968151767749.5,0.16924087271665897,16
144,_int_free,12.8,1.16833432625e+16,1604848462500000.0,3298770362500000.5,1944017562500000.0,292959400000000.0,552223837500000.0,3214198250000000.0,2123047187500000.0,672521775000000.0,5157662500000.0,1789518062500000.0,1725866875000000.0,0.12453481867049353,16
145,__GI___libc_malloc,10.14,1.4748204512820512e+16,2025844213017751.2,4164128268244576.5,2453986666666666.5,369810682445759.3,697087289940828.4,4057370571992110.0,2679980670611440.0,848942674556213.0,6510658777120.315,2258957712031558.0,2178609072978303.5,0.09865492666553159,16
147,__GI___pthread_mutex_lock,9.07,1.6488069874310916e+16,2264835757442117.0,4655376035281147.0,2743486747519294.0,413437742006615.2,779323607497243.6,4536023991179713.0,2996141565600882.0,949093574421168.8,7278729878721.059,2525449966923925.0,2435622491730981.0,0.08824459416729502,16
150,__pthread_mutex_unlock_usercnt,7.6,1.967720970526316e+16,2702902673684210.5,5555823768421054.0,3274134842105263.5,493405305263157.94,930061200000000.0,5413386526315790.0,3575658421052632.0,1132668252631579.0,8686589473684.21,3013925157894737.0,2906723157894737.0,0.07394254858560552,16
151,c10::impl::OperatorEntry::lookup,7.425,2.0140982324579124e+16,2766607450505050.5,5686769109764311.0,3351303003367003.5,505034386531986.5,951981834343434.4,5540974760942761.0,3659933198653198.5,1159364137373737.2,8891323905723.906,3084960430976431.0,2975231784511785.0,0.07223992411159487,16
152,__tls_get_addr,6.885,2.172066721278141e+16,2983596270152505.5,6132790216412492.0,3614150297748729.0,544644926652142.4,1026647076252723.5,5975561016702977.0,3946986782861293.0,1250294657952069.8,9588682643427.742,3326918111837327.5,3208583297022513.0,0.06698611144893342,16
153,_PyRuntimeState_GetThreadState,6.57,2.276206906544901e+16,3126645406392694.0,6426828103500762.0,3787431476407915.0,570758039573820.4,1075869881278538.6,6262060517503805.0,4136225875190258.5,1310240292237442.8,10048414003044.139,3486427884322678.5,3362419482496194.5,0.06392138739571426,16
154,PyVectorcall_Function,6.53,2.2901499810107196e+16,3145797905053599.0,6466196116385912.0,3810631669218989.0,574254260336906.5,1082460202143951.0,6300419234303216.0,4161562633996936.5,1318266266462480.8,10109966309341.5,3507784257274119.0,3383016232771822.5,0.06353221608736896,16
155,__GI_,4.635,3.2264680422869476e+16,4431943974110033.0,9109872845738946.0,5368592189859763.0,809035667745415.4,1525019443365696.0,8876318791801511.0,5862999784250270.0,1857233812297734.8,14243382955771.307,4941926903991370.0,4766148004314995.0,0.045095225354510736,16
156,up_read,4.455,3.3568303874298536e+16,4611012417508417.0,9477948516273852.0,5585505005611672.0,841723977553310.9,1586636390572390.5,9234957934904602.0,6099888664421998.0,1932273562289562.0,14818873176206.51,5141600718294052.0,4958719640852974.0,0.04334395446695692,16
157,arena_map_get,4.06,3.683418565517242e+16,5059620768472907.0,1.0400064197044338e+16,6128922364532020.0,923615842364532.0,1741001261083744.0,1.0133432906403942e+16,6693350738916257.0,2120265694581280.8,16260610837438.424,5641830344827587.0,5441156650246306.0,0.039500887797047156,16
158,generic_file_buffered_read,4.035,3.706240241883519e+16,5090969100371747.0,1.0464500778190832e+16,6166895861214374.0,929338369268897.1,1751788133828996.2,1.0196217496902106e+16,6734821313506815.0,2133402408921933.2,16361358116480.793,5676785923172243.0,5474868897149938.0,0.039257655729331355,16
159,vgetargs1_impl,3.985,3.7527426288582184e+16,5154845751568381.0,1.0595799407779174e+16,6244272220828105.0,940998825595985.0,1773767909661229.8,1.0324149962358846e+16,6819323462986198.0,2160170318695106.8,16566644918444.164,5748012848180677.0,5543562358845671.0,0.03877119159389974,16
160,__GI___clock_gettime,3.885,3.849338320720721e+16,5287531613899614.0,1.086853555727156e+16,6404999948519949.0,965220159588159.6,1819424741312741.5,1.0589893848133848e+16,6994853024453025.0,2215773158301158.5,16993070785070.785,5895966846846847.0,5686253796653797.0,0.037798263323036506,16
161,tupledealloc,3.875,3.8592720970322584e+16,5301176856774194.0,1.0896583390967744e+16,6421528980645161.0,967711050322580.6,1824120030967741.8,1.0617222606451612e+16,7012904258064516.0,2221491282580645.2,17036923870967.742,5911182245161291.0,5700928000000000.0,0.037700970495950184,16
162,__libc_calloc,3.605,4.148316054368932e+16,5698213680998613.0,1.1712693658807214e+16,6902475672676838.0,1040188715672676.8,1960739284327323.0,1.141240987517337e+16,7538142579750347.0,2387872044382801.5,18312920943134.535,6353906019417476.0,6127904576976422.0,0.03507406416461946,16
163,_Py_NewReference,3.395,4.40491292371134e+16,6050680506627393.0,1.243719017378498e+16,7329432930780559.0,1104530285714285.8,2082022126656848.5,1.2118332135493372e+16,8004419440353461.0,2535575469808542.0,19445678939617.082,6746931134020619.0,6506950220913108.0,0.03303091479580668,16
164,ImagingJpegDecode,3.365,4.444184064190193e+16,6104624166419019.0,1.2548071512630016e+16,7394777057949480.0,1114377509658246.6,2100583988112927.0,1.222637075780089e+16,8075781277860327.0,2558180897473997.0,19619043090638.93,6807082080237741.0,6564961664190193.0,0.03273903631454771,16
165,object_dealloc,3.025,4.943695661487604e+16,6790763742148760.0,1.395843326942149e+16,8225925553719008.0,1239629857851239.8,2336682684297520.5,1.360057441322314e+16,8983472396694216.0,2845711973553719.0,21824158677685.95,7572175603305786.0,7302841652892562.0,0.029431080193612725,16
166,jpeg_read_scanlines,2.945,5.0779896013582344e+16,6975232706281834.0,1.433760972495756e+16,8449380237691002.0,1273304013582343.0,2400157935483871.0,1.397002974533107e+16,9227505602716468.0,2923014845500849.0,22417005093378.61,7777871375212225.0,7501221052631580.0,0.028652737576922143,16
168,tuple_alloc,2.64,5.664651278787878e+16,7781083454545455.0,1.5994038121212122e+16,9425539696969696.0,1420409212121212.0,2677448909090909.0,1.5583991515151516e+16,1.029356212121212e+16,3260711636363636.5,25006848484848.484,8676451212121211.0,8367839393939394.0,0.025685306350789288,16
169,ext4_mpage_readpages,2.585,5.7851757740812376e+16,7946638421663444.0,1.6334336804642168e+16,9626083094777562.0,1450630684719535.8,2734415907156673.0,1.5915565802707932e+16,1.051257408123791e+16,3330088479690522.5,25538909090909.09,8861056557059961.0,8545878529980658.0,0.02515019580181451,16
170,down_read_trylock,2.375,6.29670710568421e+16,8649288555789473.0,1.7778636058947372e+16,1.0477231494736842e+16,1578896976842105.2,2976195840000000.0,1.7322836884210524e+16,1.144210694736842e+16,3624538408421052.5,27797086315789.473,9644560505263158.0,9301514105263158.0,0.023107046433001727,16
171,__tls_get_addr_slow,2.295,6.516200163834422e+16,8950788810457517.0,1.8398370649237476e+16,1.0842450893246188e+16,1633934779956427.2,3079941228758170.0,1.7926683050108934e+16,1.1840960348583878e+16,3750883973856209.5,28766047930283.227,9980754335511982.0,9625749891067540.0,0.022328703816311142,16
172,omp_get_max_threads,2.15,6.955664826046513e+16,9554446660465118.0,1.963919099534884e+16,1.1573685953488372e+16,1744130381395348.8,3287658195348837.5,1.9135691906976744e+16,1.2639536744186046e+16,4003850567441861.0,30706083720930.24,1.0653874976744186e+16,1.0274928372093024e+16,0.020917957823559458,16
173,__pthread_cond_signal,2.125,7.037496176941176e+16,9666851915294118.0,1.9870240301176476e+16,1.1709846964705882e+16,1764649562352941.0,3326336527058823.5,1.936081769411765e+16,1.2788237176470588e+16,4050954691764706.0,31067331764705.883,1.077921468235294e+16,1.039580988235294e+16,0.02067472575584365,16
174,read_markers,1.79,8.354569483798883e+16,1.1476011351955308e+16,2.358897242458101e+16,1.3901354636871508e+16,2094905206703910.5,3948863195530726.5,2.2984210949720668e+16,1.5181566480446928e+16,4809094256983240.0,36881608938547.484,1.279655374301676e+16,1.234139441340782e+16,0.01741541604845183,16
175,_PyDict_LoadGlobal,1.725,8.669379348405797e+16,1.190844076521739e+16,2.4477832255072464e+16,1.442517379710145e+16,2173843663768116.0,4097660939130434.5,2.3850282666666664e+16,1.5753625507246376e+16,4990306504347826.0,38271350724637.68,1.3278742724637682e+16,1.2806432463768116e+16,0.01678301267239073,16
176,PyEval_SaveThread,1.605,9.317557243613707e+16,1.2798791476635514e+16,2.6307950554517136e+16,1.5503691464174456e+16,2336374031152648.0,4404028112149533.0,2.563348137071651e+16,1.6931466666666666e+16,5363413532710280.0,41132760124610.586,1.4271545919003116e+16,1.3763922741433022e+16,0.015615498747354852,16
177,down_read,1.585,9.435128943848581e+16,1.2960290422712934e+16,2.6639912075709784e+16,1.569932164037855e+16,2365855091482650.0,4459599444794953.0,2.5956932239747636e+16,1.7145112933753944e+16,5431090675078865.0,41651785488958.99,1.445162851735016e+16,1.39376e+16,0.015420913093182205,16
178,__do_page_cache_readahead,1.57,9.525273487898088e+16,1.3084114853503184e+16,2.689443352866242e+16,1.5849315159235668e+16,2388458802547770.5,4502207082802547.5,2.620492840764331e+16,1.7308919745222928e+16,5482980076433121.0,42049732484076.44,1.4589701401273884e+16,1.407076178343949e+16,0.01527497385255272,16
179,PyEval_RestoreThread,1.525,9.806347131803278e+16,1.347020348852459e+16,2.768803976393443e+16,1.631699986885246e+16,2458937914754098.5,4635059095081967.0,2.6978188590163936e+16,1.7819674754098362e+16,5644772931147541.0,43290544262295.086,1.5020217180327868e+16,1.4485964590163934e+16,0.014837156130664267,16
180,__GI___pthread_once,1.525,9.806347131803278e+16,1.347020348852459e+16,2.768803976393443e+16,1.631699986885246e+16,2458937914754098.5,4635059095081967.0,2.6978188590163936e+16,1.7819674754098362e+16,5644772931147541.0,43290544262295.086,1.5020217180327868e+16,1.4485964590163934e+16,0.014837156130664267,16
183,do_mkvalue,1.475,1.0138765678644067e+17,1.3926820555932204e+16,2.862661738305085e+16,1.6870118508474576e+16,2542291742372881.0,4792179742372881.0,2.7892703457627116e+16,1.842373152542373e+16,5836121166101695.0,44758020338983.05,1.5529377084745762e+16,1.4977014237288134e+16,0.014350691995232654,16
184,decode_mcu,2215.113,82621884192815.45,13883533995782.607,20075488988597.87,15380384838154.984,2397071246478.171,3444859165198.344,23277585567869.453,12861073615657.531,4095810696790.638,14114674962.405983,11555425154382.645,8408220005029.09,18.71136226888739,20
185,jpeg_idct_islow,1894.678,96595204968865.42,16231568973725.352,23470730456573.625,17981572805511.016,2802472863462.815,4027466577434.266,27214377535391.234,15036186286007.438,4788509456488.121,16501801361.497837,13509721694134.834,9830249488303.553,16.00460402737514,20
186,ImagingResampleHorizontal_8bpc,900.121,203324674971476.06,34166069495101.215,49403887521788.74,37849678432121.91,5898966561162.333,8477473939614.786,57283945602868.945,31649890803569.746,10079404346748.938,34734885643.15242,28436812917374.445,20691837475183.895,7.603445114011424,20
187,ycc_rgb_convert,751.321,243593363901714.44,40932699392137.32,59188385044475.0,45345851373780.31,7067263766086.665,10156447537071.371,68629097815713.914,37918188577186.05,12075642128996.793,41614170241.48133,34068756869567.066,24789880011340.027,6.346511176279831,20
188,ImagingResampleVertical_8bpc,621.411,294518136563401.7,49489945688119.46,71562100831816.62,54825695715074.25,8544721094412.555,12279718769059.45,82976455840015.7,45845231835290.98,14600133438255.842,50313882438.51493,41191051461914.91,29972365214004.906,5.249143650401393,20
189,jpeg_fill_bit_buffer,472.286,387512671897960.1,65116468919256.555,94157939553575.6,72136989874779.27,11242729363140.13,16157058053806.38,109176393964673.95,60320931300102.05,19210147071901.348,66200564911.93895,54197186619971.8,39436183668370.44,3.989464393249352,20
190,__memmove_avx_unaligned_erms,410.736,445582587744926.2,74874363678859.4,108267784270188.14,82946930388375.98,12927485489462.818,18578240816485.527,125536798332749.03,69360200615480.51,22088844221105.527,76120914650.77325,62318794748938.49,45345812005765.26,3.469543130699758,20
191,jpeg_idct_16x16,322.655,567221365731199.0,95314179665587.08,137823609242069.72,105590461638592.31,16456536176411.338,23649880894453.83,159806859958779.53,88294715284127.02,28118837519951.652,96901024313.89566,79331088872015.0,57724682524678.06,2.725510884938087,20
192,AVX2::direct_copy_kernel(float),256.71,712932140391881.9,119798981886175.08,173228454832301.06,132715088621401.6,20683976783140.508,29725185306376.848,200858877332398.44,110976320984768.83,35342150753768.84,121793463441.23721,99710071598301.6,72553299209224.42,2.1684644566873486,20
193,ImagingUnpackRGB,202.955,901760536867778.5,151529140154221.38,219110032470252.0,167866228474292.3,26162369392229.805,37598247493286.69,254058694784558.16,140369694562834.11,44702931782907.54,154051883422.43353,126119447562267.48,91769887117834.0,1.7143886245451319,20
194,AVX2::div_true_kernel(float),192.19,952270200114470.1,160016632707216.8,231382884853530.38,177268798584733.88,27627783339403.72,39704211041157.19,268289101410062.94,148232121130131.62,47206844893074.56,162680680576.51285,133183685311410.6,96910127686143.92,1.6234551982031924,20
195,_PyEval_EvalFrameDefault,187.805,974504458134767.4,163752810841031.9,236785371209499.22,181407792124810.3,28272855781262.48,40631252203082.984,274553299432922.4,151693146401852.97,48309062698011.234,166479060727.88266,136293349378344.56,99172851841005.3,1.5864145038688306,20
196,decompress_onepass,185.0,989280052756756.9,166235657513513.53,240375549405405.4,184158326486486.47,28701533405405.406,41247309837837.836,278716121081081.1,153993142486486.47,49041532540540.54,169003243243.24326,138359851243243.23,100676526702702.7,1.5627202854861886,20
197,AVX2::direct_copy_kernel(unsigned char),125.49,1458417481552315.0,245068106143915.88,354366695672962.0,271490082078253.28,42312404813132.516,60807652561957.125,410889173639333.8,227019932743644.94,72298059765718.39,249148139293.96768,203973005657821.34,148419455255398.84,1.060031181760334,20
198,"AVX2::copy_kernel(char**long const*, long, long)",86.36,2119231238536359.5,356109270958777.2,514931410838351.06,394503131079203.3,61484294580824.45,88359799907364.53,597064409448819.0,329883410838351.06,105056548402037.97,362037980546.5493,296393845298749.44,215668798517832.3,0.7294947235383095,20
199,_Py_DECREF,55.855,3276641478112971.0,550597021573717.7,796159280995434.6,609959545251096.6,95063712827857.84,136617175185748.83,923148910572016.8,510048005729120.1,162432790618565.94,559763673798.2275,458268238832691.8,333455508727956.4,0.4718148191666544,20
200,_Py_INCREF,55.38,3304745571686529.5,555319549295774.6,802988021668472.4,615191231491513.1,95879084145901.03,137788954857349.22,931066854460094.0,514422740339472.75,163825993499458.28,564564824846.515,462198853015529.0,336315591188154.56,0.4678024292444602,20
201,ImagingPackRGB,53.61,3413855806006342.0,573654106323447.1,829499657526580.9,635502525648200.0,99044649878753.97,142338226450289.12,961807170304047.9,531407038985263.94,169234909904868.5,583204626002.6115,477458915873904.1,347419463532922.94,0.4528509973238625,20
202,__memset_avx2_unaligned_erms,42.445,4311857928142301.5,724551693721286.4,1047696469313228.9,802669110613735.5,125097978089292.02,179779769584167.75,1214806983154670.8,671191691836494.2,213751525974790.9,736614442219.3427,603052714807397.9,438806866297561.5,0.3585387163106015,20
203,add_kernel(float),36.31,5040396853759295.0,846973193059763.1,1224717065271275.0,938289462957862.8,146234747452492.4,210155668410906.1,1420062858716606.8,784597393555494.4,249867351142935.78,861074084274.3046,704945537868355.8,512948428532084.75,0.30671553278920816,20
204,ImagingFlipLeftRight,34.225,5347459744631117.0,898571121694667.6,1299327294083272.5,995450413440467.4,155143423813002.2,222958431555880.2,1506573627465303.0,832395364791818.9,265089365084002.94,913531044558.0715,747891087801314.9,544197441636230.75,0.2891032528149449,20
205,pymalloc_alloc,27.565,6639463441320515.0,1115675553781969.9,1613258720841647.0,1235961922728097.0,192627740975875.2,276827582804280.75,1870577993832759.0,1033511023399238.1,329137802285507.0,1134249954652.6392,928589605659350.6,675681387266461.0,0.2328453225374421,20
206,PyObject_GetAttr,20.815,8792544307470573.0,1477472814797021.2,2136414923852990.5,1636766293538313.8,255094099447513.8,366598718232044.2,2477179072784050.0,1368663529185683.5,435872376651453.25,1502070622147.4897,1229717630554888.2,894794976699495.5,0.175827149958892,20
207,_int_free,14.995,1.2205189047015672e+16,2050923417139046.5,2965620316105369.0,2272043374458152.5,354103613204401.44,508886450150050.0,3438645041680560.5,1899882051350450.5,605047250416805.6,2085068356118.7065,1707007167722574.2,1242091193064355.0,0.1266648144911643,20
208,__GI___libc_malloc,12.22,1.4976825675941078e+16,2516660936170212.5,3639073374795417.0,2787994304418985.0,434515849427168.56,624447816693944.4,4219515744680851.0,2331320078559738.0,742445459901800.2,2558559738134.206,2094645865793780.5,1524153636661211.2,0.1032240102088715,20
210,__tls_get_addr,10.125,1.807573429728395e+16,3037392260740740.5,4392047075555555.5,3364868187654321.0,524423079506172.9,753654550123456.9,5092590854320988.0,2813701862716049.0,896067508148148.2,3087960493827.1606,2528056541234568.0,1839521722469136.0,0.0855272588678252,20
211,__GI___pthread_mutex_lock,9.645,1.897530427786418e+16,3188553306376361.0,4610624846034215.0,3532326635562468.0,550521895282529.8,791161463970969.4,5346032389839295.0,2953730571280456.0,940661847589424.6,3241638154484.189,2653869619491965.0,1931068682218766.5,0.0814726332622394,20
214,c10::impl::OperatorEntry::lookup,8.06,2.270680021836228e+16,3815582709677419.0,5517304794044665.0,4226959106699751.5,658782094292803.9,946743464019851.0,6397330322580645.0,3534582054590570.5,1125643116625310.1,3879106699751.861,3175753409429280.0,2310813578163771.5,0.06808392162712801,20
215,PyVectorcall_Function,7.695,2.378386091747888e+16,3996568764132553.0,5779009309941520.0,4427458141650422.0,690030367771280.0,991650723846653.8,6700777439896036.0,3702239293047433.5,1179036194931773.8,4063105912930.474,3326390185834958.0,2420423319038336.5,0.06500071673954715,20
216,__GI___clock_gettime,7.33,2.4968186870395636e+16,4195579350613915.5,6066777167803547.0,4647925020463847.0,724390679399727.1,1041030330150068.1,7034445075034106.0,3886593637107776.5,1237746728512960.2,4265429740791.269,3492028987721692.0,2540949173260573.0,0.061917511851966284,20
217,_PyRuntimeState_GetThreadState,6.51,2.8113181222734256e+16,4724054783410138.0,6830948792626728.0,5233377941628264.0,815634973886328.8,1172158574500768.2,7920504208909370.0,4376149210445469.0,1393653382488479.2,4802703533026.114,3931885173579109.5,2861007287250384.0,0.054990859775757225,20
218,jpeg_read_scanlines,6.385,2.8663556736100236e+16,4816538236491778.0,6964679191855912.0,5335832482380580.0,831602768989819.9,1195106079874706.5,8075564980422866.0,4461821669537979.5,1420937121378230.2,4896726703210.649,4008860216131558.5,2917017610023492.5,0.05393496769096926,20
220,__GI_,6.06,3.020079368976898e+16,5074850930693070.0,7338197465346534.0,5621995115511552.0,876201927392739.4,1259200052805280.8,8508660462046205.0,4701110785478548.0,1497142495049505.0,5159339933993.399,4223856844884489.0,3073458323432343.5,0.051189648270520555,20
221,__pthread_mutex_unlock_usercnt,5.575,3.2828127311210764e+16,5516340204484305.0,7976587738116592.0,6111083479820627.0,952427565919282.4,1368744810762331.8,9248875766816144.0,5110086342600897.0,1627387178475336.2,5608179372197.31,4591313449327354.0,3340835415246636.5,0.047092786981543254,20
222,ImagingJpegDecode,5.31,3.4466442516007536e+16,5791637785310735.0,8374666033898306.0,6416062222222223.0,999959261770244.9,1437053167608286.2,9710448662900190.0,5365109483992467.0,1708603299435028.2,5888060263653.484,4820446794726930.0,3507562606403013.5,0.04485429576179276,20
223,arena_map_get,5.01,3.65303013493014e+16,6138442443113773.0,8876143041916169.0,6800257564870260.0,1059837061876247.5,1523104255489022.0,1.0291912654690618e+16,5686373524950100.0,1810914874251497.2,6240638722554.891,5109096303393214.0,3717596295409182.0,0.04232015475830165,20
224,tupledealloc,4.915,3.723638041912513e+16,6257089855544252.0,9047706335707018.0,6931696927772126.0,1080322213631739.6,1552543707019328.5,1.049084077314344e+16,5796283084435402.0,1845917298067141.5,6361261444557.477,5207847910478128.0,3789452174974568.0,0.0415176767738628,20
225,generic_file_buffered_read,4.85,3.77354246927835e+16,6340947760824743.0,9168964255670104.0,7024595958762888.0,1094800758762886.8,1573350993814433.0,1.0631439670103094e+16,5873965228865980.0,1870656395876288.8,6446515463917.526,5277643810309279.0,3840238647422680.5,0.040968612889773055,20
226,up_read,4.355,4.20245257772675e+16,7061675462686567.0,1.0211131260619976e+16,7823028794489092.0,1219238502870263.8,1752181933409873.8,1.1839835223880596e+16,6541614548794488.0,2083279797933409.8,7179242250287.025,5877513772675085.0,4276729607347876.0,0.03678728023401272,20
227,vgetargs1_impl,4.07,4.496727512530713e+16,7556166250614250.0,1.0926161336609336e+16,8370833022113022.0,1304615154791154.8,1874877719901720.0,1.2668914594594594e+16,6999688294840295.0,2229160570024570.0,7681965601965.603,6289084147420147.0,4576205759213759.0,0.03437984628069615,20
228,down_read_trylock,3.84,4.766062754166667e+16,8008749125000000.0,1.1580592875e+16,8872211041666667.0,1382756166666666.8,1987175083333333.5,1.3427729791666668e+16,7418940458333334.0,2362678000000000.0,8142083333333.334,6665774083333334.0,4850301416666667.0,0.03243700484468629,20
229,__libc_calloc,3.43,5.3357670483965016e+16,8966063160349853.0,1.2964861994169096e+16,9932737725947522.0,1548041889212828.0,2224709131195335.2,1.5032793702623906e+16,8305752583090378.0,2645097236151603.5,9115335276967.93,7462557574344023.0,5430075055393586.0,0.02897367880658177,20
230,_Py_NewReference,3.295,5.554379658877087e+16,9333413244309560.0,1.3496047538694992e+16,1.0339693596358118e+16,1611466974203338.5,2315858063732929.0,1.5648704825493172e+16,8646048971168438.0,2753469960546282.5,9488801213960.547,7768307277693475.0,5652551575113809.0,0.027833315355010765,20
231,__tls_get_addr_slow,2.88,6.354750338888889e+16,1.0678332166666668e+16,1.54407905e+16,1.1829614722222224e+16,1843674888888889.0,2649566777777777.5,1.7903639722222222e+16,9891920611111110.0,3150237333333333.5,10856111111111.111,8887698777777778.0,6467068555555555.0,0.02432775363351472,20
232,__pthread_cond_signal,2.645,6.919350085444234e+16,1.1627068672967864e+16,1.6812656574669188e+16,1.2880639092627598e+16,2007479652173913.0,2884972521739130.5,1.9494322268431004e+16,1.0770786903591682e+16,3430126094517958.0,11820642722117.203,9677343092627598.0,7041647425330812.0,0.022342676514113344,20
233,object_dealloc,2.385,7.67366078658281e+16,1.2894589786163524e+16,1.8645482867924532e+16,1.4284817777777778e+16,2226324394129979.2,3199476863731656.5,2.1619489475890988e+16,1.1944960737945494e+16,3804060176100629.0,13109266247379.455,1.073231550524109e+16,7809290331236898.0,0.020146420977754376,20
234,omp_get_max_threads,2.29,7.992000426200874e+16,1.3429518183406114e+16,1.941898543231441e+16,1.4877419388646288e+16,2318682829694323.0,3332206253275109.0,2.251636786026201e+16,1.2440494043668122e+16,3961870532751091.5,13653100436681.223,1.117754256768559e+16,8133256524017467.0,0.019343942993315523,20
235,ext4_mpage_readpages,2.2,8.318945898181818e+16,1.3978907563636362e+16,2.021339847272727e+16,1.548604109090909e+16,2413538036363636.5,3468523781818181.5,2.3437491999999996e+16,1.2949423345454544e+16,4123947054545454.0,14211636363636.361,1.1634805672727272e+16,8465980654545453.0,0.018583700692268192,20
236,tuple_alloc,2.185,8.376055366590389e+16,1.4074872604118994e+16,2.0352163221967964e+16,1.5592352585812356e+16,2430106947368421.0,3492335157894736.5,2.3598390114416476e+16,1.3038320988558352e+16,4152257903890160.0,14309199084668.191,1.1714678480549198e+16,8524099514874142.0,0.018456993642093633,20
237,do_mkvalue,2.055,8.905927482238443e+16,1.4965253839416056e+16,2.1639647999999996e+16,1.65787301216545e+16,2583836340632603.0,3713261469586374.0,2.509123231143552e+16,1.3863129615571776e+16,4414931153284671.0,15214403892944.037,1.2455753031630168e+16,9063336953771290.0,0.01735886587391415,20
238,_PyDict_LoadGlobal,1.96,9.337592334693877e+16,1.5690610530612244e+16,2.268850848979592e+16,1.7382291020408162e+16,2709073306122449.0,3893240979591836.5,2.6307388979591836e+16,1.4535067020408162e+16,4628920163265306.0,15951836734693.879,1.305947575510204e+16,9502631346938776.0,0.016556387889475294,20
239,__GI_getenv,1.745,1.048806932722063e+17,1.7623837616045844e+16,2.5483940767908308e+16,1.952394865329513e+16,3042855977077363.5,4372923965616045.5,2.954870051575931e+16,1.6325920550143266e+16,5199245570200573.0,17917249283667.62,1.4668522911174784e+16,1.0673442659025788e+16,0.014740253503639996,20
240,PyEval_RestoreThread,1.63,1.1228025138650307e+17,1.8867237202453988e+16,2.7281887509202456e+16,2.0901405153374236e+16,3257536000000000.5,4681443141104295.0,3.1633424785276076e+16,1.7477749300613496e+16,5566063509202455.0,19181349693251.535,1.5703418699386504e+16,1.1426476957055216e+16,0.013768832785635067,20
242,__GI___pthread_once,1.61,1.1367503711801243e+17,1.9101612819875776e+16,2.762079294409938e+16,2.1161049937888196e+16,3298002285714285.5,4739597714285714.0,3.2026386583850932e+16,1.7694864198757762e+16,5635207155279503.0,19419627329192.543,1.5898492223602484e+16,1.1568420770186334e+16,0.013599890052068995,20
244,decode_mcu,2340.983,92119518612480.31,18343501546145.36,19564379032227.06,17959336705990.6,2401516696191.301,3468956211984.452,26170860907576.004,12962418334520.156,4071164566338.1577,0.0,11568550134708.367,4207444206130.5015,17.866945925268762,24
245,jpeg_idct_islow,2059.013,104734757400754.64,20855538687711.055,22243608330787.617,20418764679970.453,2730390609481.339,3944009833837.8633,29754809940490.906,14737547048027.38,4628687162247.154,0.0,13152796606917.975,4783629515695.142,15.714882991643,24
246,ImagingResampleHorizontal_8bpc,1059.906,203461653240947.8,40514748741869.56,43211264697058.05,39666255233954.71,5304158821631.353,7661780874907.775,57802805607289.71,28629709578019.184,8991860636697.973,0.0,25551114155406.234,9292857442075.053,8.089457799508972,24
247,ycc_rgb_convert,869.651,247973298530100.0,49378227909816.7,52664665158782.086,48344108061739.71,6464558495304.438,9337961458102.158,70448421815187.94,34893078901766.344,10959024988184.916,0.0,31140974022912.64,11325871366789.666,6.637385829310125,24
248,ImagingResampleVertical_8bpc,729.286,295700489300493.94,58882009636822.87,62800984414893.484,57648853700742.92,7708786072953.548,11135230238891.19,84007564220347.03,41608917434312.47,13068298363056.469,0.0,37134648409540.3,13505751323897.621,5.5660863517828,24
249,jpeg_fill_bit_buffer,542.841,397262231555833.1,79105714712042.75,84370706560484.56,77449017152352.16,10356457526236.965,14959753445299.82,112860930696097.02,55899979846769.125,17556756103536.762,0.0,49888971540469.49,18144457327283.68,4.143093218967767,24
250,__memmove_avx_unaligned_erms,440.451,489612299756386.06,97495124951470.19,103984049803496.86,95453301093651.73,12763984552197.633,18437391491902.617,139097290005017.58,68894839516768.04,21638109664866.24,0.0,61486474545409.13,22362431598520.605,3.3616280851806923,24
251,jpeg_idct_16x16,381.536,565215935167323.6,112549864966870.75,120040779166317.22,110192752243562.86,14734939193156.086,21284407028432.44,160576041264782.34,79533257569403.67,24979365092678.02,0.0,70980927618887.86,25815533422796.277,2.91197461944121,24
252,AVX2::direct_copy_kernel(float),262.325,822072722920042.0,163697037186695.9,174592123205946.8,160268757914800.34,21431086476698.75,30956895149147.05,233548233984561.12,115676359325264.48,36330990336414.75,0.0,103237507671781.19,37547147088535.22,2.002127563440712,24
253,ImagingUnpackRGB,224.31,961393727609112.2,191439638357630.06,204181172127858.75,187430350497079.94,25063125852614.684,36203323614640.45,273128886273460.84,135280642682002.6,42488195087156.164,0.0,120733713164816.55,43910460345058.18,1.7119879300691359,24
254,_PyEval_EvalFrameDefault,212.28,1015876328622574.0,202288605992085.9,215752208027134.0,198052110043339.0,26483464104013.566,38254981722253.625,288607219144526.06,142947055586960.62,44896019596759.0,0.0,127575745242133.03,46398885245901.64,1.6201720734478005,24
255,decompress_onepass,202.855,1063075729166153.1,211687290330531.66,225776434990510.5,207253959330556.3,27713932414779.027,40032375440585.64,302016418032584.9,149588627147469.88,46981967612333.94,0.0,133503138695127.08,48554659042172.984,1.54823820406658,24
256,AVX2::div_true_kernel(float),196.93,1095060310973442.4,218056290458538.56,232569332859391.66,213489574569644.03,28547756867922.613,41236822830447.36,311103135530391.5,154089275173919.66,48395506220484.44,0.0,137519825318641.14,50015514954552.375,1.5030171774263963,24
257,AVX2::direct_copy_kernel(unsigned char),144.845,1488834457799717.0,296467432634885.56,316199238634402.3,290258565501052.8,38813281507818.7,56065225033656.664,422973112499568.5,209498435983292.47,65798108598847.05,0.0,186970756325727.5,68000658358935.414,1.105491916235852,24
258,"AVX2::copy_kernel(char**long const*, long, long)",99.085,2176416481203007.8,433383713781097.06,462228175001261.6,424307432204672.8,56738252611394.266,81957587122167.84,618312968461422.1,306250198920119.06,96185366503507.1,0.0,273318657718120.8,99405110359792.11,0.7562405779987531,24
259,ImagingPackRGB,62.615,3444066550187654.5,685807319013016.0,731452187495009.1,671444572706220.5,89785351113950.33,129693644015012.38,978448302802842.8,484625105166493.6,152208369240597.28,0.0,432512643935159.25,157303447416753.2,0.47789275663714925,24
260,_Py_INCREF,61.675,3496558200891771.5,696259834292663.1,742600384596676.1,681678182732063.2,91153786137008.52,131670328658289.42,993361013052290.2,492011365383056.4,154528204945277.66,0.0,439104648561005.25,159700938143494.12,0.470718450300985,24
261,_Py_DECREF,60.075,3589683346483561.5,714803583520599.2,762378339076154.8,699833573366625.0,93581519101123.6,135177153890969.61,1019817569371618.8,505115288555971.7,158643812567623.8,0.0,450799487307532.25,163954313108614.22,0.45850686504793964,24
262,__memset_avx2_unaligned_erms,49.1,4392061650509165.0,874578926272912.4,932787753971486.8,856262768228105.9,114499180448065.16,165392413849287.16,1247770681873727.2,618020386150712.8,194104420366598.78,0.0,551563731160896.1,200601942158859.47,0.37474302245283125,24
263,add_kernel(float),41.775,5162183771154997.0,1027931185637343.0,1096346588150808.0,1006403397247157.4,134575936804308.81,194392998683423.1,1466559915739078.5,726386617833632.6,228139486295631.34,0.0,648277180131657.8,235776310233393.16,0.3188368587162327,24
264,ImagingFlipLeftRight,37.16,5803289209903122.0,1155592714747039.8,1232504809472551.2,1131391332615716.0,151289283100107.66,218535186221743.8,1648695922497309.2,816598518837459.6,256472740581270.22,0.0,728788460710441.4,265058002152852.53,0.2836140675019798,24
265,pymalloc_alloc,32.62,6610981822194973.0,1316426280809319.5,1404042879215205.5,1288856588595953.5,172345486204782.34,248950567749846.72,1878158812998161.0,930251408951563.5,292168210913550.0,0.0,830220085836910.0,301948355610055.25,0.2489636943464634,24
266,PyObject_GetAttr,22.985,9382215664128780.0,1868254308462040.5,1992598595605830.0,1829127775505764.8,244590374592125.28,353307266478137.94,2665457493147705.0,1320200172286273.8,414641159016750.06,0.0,1178237076354144.0,428521007613661.06,0.17542705440078057,24
267,_int_free,15.59,1.3832599553559976e+16,2754446778704297.5,2937772849262347.5,2696760867222578.5,360609991019884.5,520895928159076.4,3929797336754329.5,1946427258499038.0,611323094291212.2,0.0,1737125028864656.8,631786745349583.1,0.11898663380936127,24
268,__GI___libc_malloc,13.155,1.6393023720258456e+16,3264296866590650.0,3481556725199544.0,3195933251235272.0,427359160775370.6,617314140630938.9,4657205661725580.0,2306712349676929.0,724479440516913.8,0.0,2058668126187761.2,748730928164196.2,0.10040212750238278,24
270,__GI___pthread_mutex_lock,11.345,1.9008393745262228e+16,3785088169237549.0,4037010023799030.5,3705817710004407.0,495540745702952.8,715801456148082.8,5400223929484354.0,2674729040105773.5,840064084618774.8,0.0,2387111432349052.5,868184694579109.6,0.08658777168487516,24
273,__tls_get_addr,8.265,2.609198149304295e+16,5195623143375680.0,5541425132486388.0,5086812089534180.0,680206867513611.5,982549004234724.6,7412648575922564.0,3671482269812461.5,1153118819116757.5,0.0,3276682298850574.5,1191718736842105.2,0.06308047007276274,24
274,PyVectorcall_Function,8.24,2.6171144058252424e+16,5211386563106796.0,5558237708737864.0,5102245378640777.0,682270601941747.5,985530038834951.4,7435138407766991.0,3682621475728155.5,1156617359223301.0,0.0,3286623689320388.5,1195334388349514.5,0.0628896640531839,24
275,_PyRuntimeState_GetThreadState,7.91,2.7262986983565108e+16,5428802184576485.0,5790123731984829.0,5315107701643489.0,710734482932996.2,1026645704171934.1,7745327494310998.0,3836258022756004.5,1204870675094816.5,0.0,3423739469026548.5,1245202953223767.5,0.06037102459474328,24
276,ImagingJpegDecode,6.95,3.1028809646043164e+16,6178679896402877.0,6589910607194245.0,6049280851798561.0,808907879136690.6,1168455758273381.2,8815185680575539.0,4366158411510791.5,1371298854676259.0,0.0,3896658877697841.5,1417202210071942.5,0.05304407344291603,24
277,c10::impl::OperatorEntry::lookup,6.6,3.2674276824242424e+16,6506337163636364.0,6939375563636364.0,6370076048484848.0,851804509090909.1,1230419321212121.2,9282657648484848.0,4597697115151516.0,1444019248484848.8,0.0,4103299878787879.0,1492356872727272.8,0.05037278916881235,24
278,__pthread_mutex_unlock_usercnt,6.32,3.412187136708861e+16,6794592607594937.0,7246816253164556.0,6652294607594937.0,889542683544303.8,1284931569620253.0,9693914632911392.0,4801392556962025.0,1507994784810126.5,0.0,4285091645569620.5,1558473949367088.5,0.0482357617495294,24
279,arena_map_get,6.265,3.4421424906624108e+16,6854241864325619.0,7310435549880288.0,6710694640063847.0,897351916999202.0,1296211894652833.2,9779016836392658.0,4843543648842777.0,1521233366320830.0,0.0,4322710167597765.5,1572155683958499.5,0.04781598850645596,24
280,jpeg_read_scanlines,6.23,3.461480369823435e+16,6892748841091492.0,7351505412520064.0,6748395171749598.0,902393219903691.8,1303493983948635.5,9833955133226324.0,4870754568218298.0,1529779621187800.8,0.0,4346995056179775.0,1580988019261637.0,0.047548860079045595,24
282,__GI___clock_gettime,5.965,3.615259464207879e+16,7198964841575859.0,7678102048616933.0,7048198142497905.0,942482776194467.8,1361402769488684.0,1.027083662699078e+16,5087141820620285.0,1597741331098072.0,0.0,4540113864207880.0,1651224704107292.5,0.045526316271509944,24
283,__GI_,5.95,3.624373563697478e+16,7217113492436975.0,7697458608403361.0,7065966709243697.0,944858783193277.4,1364834877310924.5,1.0296729492436976e+16,5099966547899159.0,1601769250420168.0,0.0,4551559529411765.0,1655387455462184.8,0.045411832659762646,24
284,tupledealloc,5.655,3.813443448983201e+16,7593603055702917.0,8099005962864722.0,7434571515473033.0,994148498673740.0,1436033160035366.8,1.0833870995579132e+16,5366012548187445.0,1685327504862953.0,0.0,4788997206012378.0,1741742769230769.2,0.043160321628732394,24
285,vgetargs1_impl,5.395,3.9972238561631144e+16,7959559829471734.0,8489319503243745.0,7792864118628361.0,1042059269694161.4,1505239577386469.2,1.1355985260426322e+16,5624615562557924.0,1766548107506951.2,0.0,5019792252085265.0,1825682179796107.8,0.04117593902511251,24
286,up_read,5.11,4.220160998825831e+16,8403488313111545.0,8962794270058708.0,8227495483365948.0,1100178035225048.9,1589191295499021.5,1.1989342559686888e+16,5938317213307241.0,1865073784735812.0,0.0,5299761095890411.0,1927505941291585.2,0.0390007504019138,24
287,generic_file_buffered_read,5.08,4.2450832094488184e+16,8453115212598425.0,9015724157480314.0,8276083055118109.0,1106675149606299.2,1598576283464567.0,1.2060145763779528e+16,5973386015748031.0,1876088000000000.0,0.0,5331058897637795.0,1938888850393700.8,0.0387717831784192,24
288,__libc_calloc,4.395,4.906717338794084e+16,9770608709897612.0,1.0420905283276452e+16,9565984509670082.0,1279160354948805.8,1847728673492605.5,1.3939827185437998e+16,6904391572241184.0,2168493069397042.2,0.0,6161952036405006.0,2241081993174061.8,0.03354369824195912,24
289,tuple_alloc,3.64,5.9244567868131864e+16,1.1797204747252746e+16,1.2582384263736264e+16,1.155013789010989e+16,1544480703296703.2,2230980087912088.0,1.6831192439560438e+16,8336483780219780.0,2618276659340659.5,0.0,7440049230769231.0,2705921802197802.0,0.027781356450678325,24
290,_Py_NewReference,3.58,6.023749358659218e+16,1.1994923262569832e+16,1.2793262212290504e+16,1.1743715620111732e+16,1570365854748603.2,2268370815642458.0,1.711327946368715e+16,8476201385474861.0,2662158391061452.5,0.0,7564742793296089.0,2751272446927374.0,0.02732342200368912,24
291,object_dealloc,2.965,7.273194841146712e+16,1.4482909032040472e+16,1.5446839365935918e+16,1.4179595925801012e+16,1896090981450253.0,2738876060708263.5,2.066291415851602e+16,1.0234334219224284e+16,3214343015177066.0,0.0,9133820978077572.0,3321941099494098.0,0.022629593922049787,24
292,__pthread_cond_signal,2.87,7.513945193031358e+16,1.4962308459930312e+16,1.5958145895470382e+16,1.46489553728223e+16,1958853574912891.8,2829535721254355.5,2.1346878216027876e+16,1.057310137979094e+16,3320741128919860.5,0.0,9436160000000000.0,3431900822299651.5,0.021904531047650215,24
293,down_read_trylock,2.82,7.647171171631206e+16,1.5227597617021278e+16,1.6241091744680854e+16,1.4908688624113476e+16,1993585021276595.8,2879704794326241.5,2.172536896453901e+16,1.0760567716312058e+16,3379619517730496.5,0.0,9603467801418440.0,3492750127659574.5,0.02152291900849255,24
294,ext4_mpage_readpages,2.815,7.660754068916518e+16,1.5254644859680284e+16,1.6269939154529306e+16,1.4935169420959146e+16,1997126024866785.2,2884819722912966.5,2.1763957541740676e+16,1.0779680625222024e+16,3385622394316163.5,0.0,9620525470692718.0,3498953946714032.0,0.02148475780457678,24
295,do_mkvalue,2.465,8.748487912373226e+16,1.7420618774847872e+16,1.8580072503042596e+16,1.7055781711967546e+16,2280693614604462.5,3294429014198783.0,2.4854174636916836e+16,1.2310264081135904e+16,3866339569979716.5,0.0,1.0986523002028398e+16,3995762823529411.5,0.018813473530473093,24
296,omp_get_max_threads,2.285,9.437646697592997e+16,1.8792921347921224e+16,2.0043710599562364e+16,1.839934438512035e+16,2460354380743982.5,3553946398249452.5,2.681205272647702e+16,1.328000042013129e+16,4170908989059080.5,0.0,1.1851982144420132e+16,4310527509846826.5,0.017439670189505485,24
297,__tls_get_addr_slow,2.14,1.0077113413084112e+17,2.0066273495327104e+16,2.1401812485981308e+16,1.9646028934579436e+16,2627060635514018.5,3794751177570093.0,2.8628757233644856e+16,1.4179813532710278e+16,4453517308411215.0,0.0,1.2655037009345794e+16,4602595962616822.0,0.016332995275948246,24
298,PyEval_RestoreThread,2.045,1.054524337603912e+17,2.099844756968215e+16,2.239602871393643e+16,2.0558680645476772e+16,2749100127139364.5,3971035462102690.0,2.9958699501222492e+16,1.4838533476772616e+16,4660404420537898.0,0.0,1.324292381418093e+16,4816408488997555.0,0.015607932401548672,24
300,skb_seq_read,1.875,1.1501345442133333e+17,2.2902306816e+16,2.4426601984e+16,2.2422667690666664e+16,2998351872000000.0,4331076010666666.5,3.2674954922666668e+16,1.6183893845333334e+16,5082947754666666.0,0.0,1.4443615573333334e+16,5253096192000000.0,0.014310451468412599,24
301,__GI_getenv,1.825,1.181645079671233e+17,2.352976727671233e+16,2.5095823956164384e+16,2.303698735342466e+16,3080498498630137.0,4449735627397260.0,3.357015916712329e+16,1.6627288197260276e+16,5222206597260274.0,0.0,1.483933106849315e+16,5397016635616438.0,0.013928839429254929,24
302,down_read,1.755,1.2287762224501426e+17,2.4468276512820516e+16,2.609679699145299e+16,2.395584154985755e+16,3203367384615385.0,4627217960113960.0,3.4909139874643876e+16,1.7290484877492878e+16,5430499737891738.0,0.0,1.5431213219373218e+16,5612282256410257.0,0.013394582574434192,24
303,decode_mcu,2529.858,93398640461243.28,20335818373995.695,18756757604577.016,18197609952811.58,2681445045532.1997,3206775463286.872,25739042365223.66,12123278318387.83,3732956521670.3857,7466790626.193248,11378290670859.787,3469869629046.373,17.91628052436319,28
304,jpeg_idct_islow,2285.968,103363344438767.31,22505447495328.02,20757916681248.383,20139113548396.13,2967528504336.0186,3548906441385.007,28485141629279.15,13416711275048.47,4131225773939.093,8263422760.073632,12592240871263.291,3840070132215.324,16.18906830253614,28
305,ImagingResampleHorizontal_8bpc,1092.406,216298059292973.5,47094883037991.37,43438001329176.16,42143094344044.25,6209847986920.614,7426439034571.3955,59607986627682.38,28075800242766.883,8645000045770.529,17292032449.473915,26350514076268.348,8035727961948.213,7.736344230584284,28
306,ycc_rgb_convert,959.796,246182832351874.75,53601737035786.766,49439603082321.66,47965785562765.414,7067830247260.877,8452511325323.297,67843710788542.56,31954886913469.11,9839434546507.799,19681182251.228386,29991226969064.258,9145982521285.773,6.797209322484382,28
307,ImagingResampleVertical_8bpc,728.621,324291089276866.9,70608358529331.44,65125673402221.46,63184246844381.375,9310293280045.455,11134302415110.188,89368989145248.36,42093451382817.68,12961265074709.623,25925577220.53029,39506766453341.31,12047796371501.781,5.16004385698408,28
308,jpeg_fill_bit_buffer,598.461,394821546867715.7,85965055032825.86,79289934147755.66,76926264401523.25,11335200121645.354,13555915189126.775,108805957681452.94,51248406562833.664,15780226146733.035,31564162075.72423,48099140428532.516,14668086040694.38,4.238259680539745,28
309,__memmove_avx_unaligned_erms,456.921,517125056103790.3,112594371455897.19,103851504483269.55,100755642922956.06,14846494689453.977,17755118631010.613,142510679614200.28,67123578561720.74,20668452358285.133,41341763674.683365,62998767139177.234,19211805629419.527,3.235883126038123,28
310,jpeg_idct_16x16,401.416,588629495984215.9,128163134503856.34,118211364968013.23,114687429300277.03,16899364250553.043,20210172389740.32,162216060744962.84,76404958048508.28,23526341550909.78,47058213922.71359,71709796520318.08,21868279889192.26,2.842800529898427,28
311,AVX2::direct_copy_kernel(float),274.255,861553290769539.4,187587219193815.97,173021214854788.44,167863372117190.22,24734918962279.63,29580815518404.406,237429116114564.9,111830860476563.8,34434558786530.785,68877212812.89311,104958741609086.44,32007720697890.65,1.9422550653867634,28
312,ImagingUnpackRGB,249.785,945954712092399.4,205964060291851.0,189971108273114.9,184307981343955.8,27158056728786.758,32478677902996.574,260688681225854.25,122786286766619.28,37807914486458.36,75624717256.84088,115240945933502.81,35143333026402.703,1.7689602067697314,28
313,decompress_onepass,227.22,1039896566147346.1,226418153331572.94,208836956605932.56,202611429979755.3,29855097262564.918,35704104216178.16,286577423818325.8,134980074993398.47,41562582167062.76,83134935304.99075,126685413607957.06,38633383681013.99,1.6091564272563141,28
314,_PyEval_EvalFrameDefault,225.335,1048595636541149.8,228312214258770.25,210583945148334.7,204306339982692.44,30104844786650.984,36002780571149.625,288974736459049.9,136109226884416.53,41910266580868.484,83830385869.92699,127745177979452.81,38956564404109.44,1.5958069867784592,28
315,AVX2::div_true_kernel(float),200.315,1179568668147667.5,256829158076030.28,236886570052167.8,229824871427501.72,33865038564261.293,40499645857774.01,325068628110725.6,153109715398247.75,47144996230936.27,94301075805.60617,143700969373237.16,43822366972019.07,1.4186170659530346,28
316,AVX2::direct_copy_kernel(unsigned char),151.835,1556197831593506.0,338833159679915.7,312523023545295.9,303206567128791.1,44677941186156.02,53430938584647.805,428861081041920.44,201996724338920.53,62198109263345.08,124410840715.2501,189583822438831.62,57814584516086.54,1.0752850371114446,28
317,"AVX2::copy_kernel(char**long const*, long, long)",99.585,2372699681277301.0,516611264748707.1,476496794497163.25,462292203845960.75,68119447707988.16,81464945122257.38,653874802831751.9,307979842747401.75,94832052216699.3,189686398553.9991,289054171612190.6,88148591052869.4,0.7052541273141449,28
318,_Py_DECREF,63.995,3692246234237050.0,803918006094226.1,741494386748964.8,719390094851160.2,106003206500507.86,126770631455582.47,1017518903664348.9,479258889600750.1,147571684037815.47,295178060785.9989,449807948745995.8,137171301507930.33,0.4532081927747021,28
319,ImagingPackRGB,62.675,3770008739688871.0,820849346629437.6,757111021619465.5,734541190586358.2,108235743119266.06,129440551416035.11,1038948898923015.6,489352575029916.2,150679695572397.28,301394814519.3458,459281367052253.7,140060270283207.03,0.4438600434745598,28
320,_Py_INCREF,61.695,3829893796255774.0,833888204878839.5,769137422481562.5,746209078855661.0,109955023907934.19,131496661966123.69,1055452179917335.4,497125741794310.75,153073181295080.62,306182348650.62,466576864899910.8,142285070751276.44,0.436919750812333,28
321,__memset_avx2_unaligned_erms,53.35,4428965281349578.0,964324888472352.4,889445797188378.5,862931005060918.5,127154174320524.83,152065352577319.6,1220545871415182.8,574886085098406.8,177016868228678.53,354075351452.671,539558756888472.4,164541282849109.66,0.37782103421408486,28
322,add_kernel(float),41.435,5702553342826112.0,1241625022324122.0,1145213787377820.8,1111074432725956.2,163718479546277.28,195793087003740.78,1571524610594907.5,740199653433087.9,227919631229636.78,455892844213.82886,694713640159285.5,211856581151200.66,0.2934398229177246,28
323,ImagingFlipLeftRight,40.6,5819834920197044.0,1267160906403940.8,1168766829556650.2,1133925347783251.2,167085596059113.3,199819866009852.22,1603845375369458.0,755422971428571.4,232607140886699.5,465268965517.2414,709001469950738.9,216213730049261.1,0.28752641029225573,28
324,pymalloc_alloc,33.81,6988621643300798.0,1521642496302869.0,1403488118308192.8,1361649485950902.0,200641088435374.16,239949321502514.0,1925942686779059.5,907133174800354.9,279321204377403.12,558708074534.1615,851388928719313.8,259635535048802.1,0.2394400968468268,28
325,PyObject_GetAttr,24.345,9705701284041898.0,2113236097761347.2,1949144928322037.5,1891040013144382.8,278647574450605.9,333238306017662.8,2674722622304374.5,1259814033271719.2,387917433559252.44,775926062846.5804,1182397193674265.8,360578247689463.94,0.17240961720603362,28
326,_int_free,17.665,1.3375901373337108e+16,2912353965468440.5,2686211903764506.0,2606134679875460.0,384017843192754.06,459251998867817.75,3686165991508633.0,1736211301443532.5,534607977356354.4,1069341636003.3966,1629519370506651.5,496930508915935.44,0.1251023162022832,28
327,__GI___libc_malloc,13.87,1.7035710004325884e+16,3709209286229272.0,3421192017303533.0,3319204695025234.5,489089776496034.7,584908908435472.2,4694745655371305.0,2211259743330930.0,680883195385724.6,1361926459985.5806,2075375607786589.8,632896715212689.2,0.09822638696437407,28
329,__GI___pthread_mutex_lock,10.925,2.162794487505721e+16,4709083093821510.0,4343426387185354.5,4213946830205949.0,620931368421052.6,742580005491990.9,5960285788558352.0,2807338456750572.0,864425621967963.4,1729054462242.563,2634824684668192.0,803503655835240.2,0.07737009932125355,28
332,__tls_get_addr,9.22,2.5627472642082428e+16,5579905943600867.0,5146630507592191.0,4993207062906724.0,735756529284164.9,879900928416485.8,7062486143167028.0,3326482932754880.5,1024278733188720.1,2048798264642.0823,3122067210412147.5,952090828633405.6,0.0652954064752364,28
333,__GI_,8.62,2.7411287443155456e+16,5968298468677495.0,5504864649651973.0,5340762078886312.0,786969280742459.5,941146932714617.2,7554074505800464.0,3558024668213457.0,1095574236658932.8,2191406032482.5989,3339380473317865.5,1018361651972157.8,0.06104624770244445,28
334,ImagingJpegDecode,8.575,2.755513676501458e+16,5999618985422741.0,5533753152186589.0,5368789401749272.0,791099148688046.6,946085896209912.8,7593716879300292.0,3576696517784257.0,1101323605830903.9,2202906122448.98,3356904918950437.5,1023705823906705.6,0.06072756079448504,28
335,PyVectorcall_Function,8.56,2.7603422635514016e+16,6010132336448598.0,5543450149532710.0,5378197327102803.0,792485420560747.6,947743757009345.8,7607023626168223.0,3582964093457944.0,1103253495327102.8,2206766355140.1865,3362787345794392.0,1025499700934579.2,0.060621331825165256,28
336,_PyRuntimeState_GetThreadState,8.4,2.812920211428571e+16,6124611047619048.0,5649039676190476.0,5480639180952380.0,807580380952381.0,965796019047619.0,7751919314285714.0,3651211028571428.0,1124267847619047.6,2248800000000.0,3426840438095238.0,1045033028571428.5,0.0594882228190874,28
337,up_read,7.475,3.161007327892977e+16,6882506060200670.0,6348084719732441.0,6158845367224080.0,907515076923077.0,1085309238795986.8,8711186921739131.0,4103033129096990.0,1263391293645485.0,2527079598662.2075,3850897616053511.5,1174351496989966.5,0.052937436377699786,28
338,__GI___clock_gettime,6.955,3.3973443243709564e+16,7397085952552120.0,6822707876347951.0,6619319787203451.0,975366671459381.6,1166453854780733.2,9362490616822430.0,4409801961179008.0,1357850455787203.5,2716020129403.307,4138815194823868.0,1262153478073328.5,0.04925483210794677,28
339,__pthread_mutex_unlock_usercnt,6.82,3.4645938087976536e+16,7543509208211144.0,6957761478005865.0,6750347378299120.0,994673782991202.4,1189543483870967.8,9547818510263930.0,4497092762463343.0,1384728727272727.2,2769782991202.346,4220741888563050.0,1287137454545454.5,0.04829877138406858,28
340,arena_map_get,6.635,3.5611951433308212e+16,7753840663149962.0,7151760856066316.0,6938563544837980.0,1022407716654107.0,1222710860587792.0,9814035002260740.0,4622482688771666.0,1423338345139412.2,2847011303692.5396,4338426477769404.5,1323025989449887.0,0.046988614095791054,28
341,jpeg_read_scanlines,6.525,3.6212306170114936e+16,7884556750957855.0,7272326939463602.0,7055535497318008.0,1039643708812260.5,1243323610727969.2,9979482335632182.0,4700409600000000.0,1447333321072797.0,2895006896551.7236,4411564701915708.5,1345329875862069.0,0.04620960165411254,28
343,tupledealloc,5.905,4.001444500592718e+16,8712401828958509.0,8035890479254869.0,7796336853513970.0,1148801896697713.8,1373867325994919.5,1.1027285730736664e+16,5193932707874682.0,1599297192209991.5,3198970364098.2217,4874760318374259.0,1486583817104149.0,0.041818804255560844,28
344,c10::impl::OperatorEntry::lookup,5.545,4.261231699909829e+16,9278040180342652.0,8557607444544634.0,8302501193868350.0,1223385969341749.5,1463063401262398.8,1.1743214110009018e+16,5531140241659152.0,1703128930568079.2,3406658250676.285,5191246110009017.0,1583097825067628.5,0.03926930899188567,28
345,generic_file_buffered_read,5.255,4.496390062036156e+16,9790053815413892.0,9029863611798288.0,8760679185537583.0,1290899181731684.2,1543803341579448.2,1.2391269693625118e+16,5836379189343483.0,1797117016175071.5,3594656517602.2837,5477727817316841.0,1670461929590865.8,0.037215548918369555,28
346,down_read_trylock,4.46,5.297876631390134e+16,1.1535141883408072e+16,1.0639446923766816e+16,1.032228007174888e+16,1521003408071748.8,1818988017937220.0,1.460002740807175e+16,6876720322869955.0,2117455139013453.0,4235408071748.8794,6454138941704036.0,1968223641255605.5,0.03158541354442021,28
347,vgetargs1_impl,4.4,5.370120403636363e+16,1.1692439272727272e+16,1.078453029090909e+16,1.0463038436363636e+16,1541744363636363.5,1843792400000000.0,1.479911869090909e+16,6970493781818181.0,2146329527272727.0,4293163636363.636,6542149927272727.0,1995063054545454.2,0.03116049766714102,28
348,_Py_NewReference,4.265,5.540100768112544e+16,1.2062539929660024e+16,1.1125892914419696e+16,1.0794224881594374e+16,1590545181711606.2,1902153941383353.0,1.5267555038686988e+16,7191130747948417.0,2214267273153575.8,4429055099648.3,6749228529894491.0,2058212764361078.5,0.030204436943262823,28
349,__libc_calloc,4.175,5.65952809005988e+16,1.2322570730538924e+16,1.136573252215569e+16,1.1026914759281438e+16,1624832383233533.0,1943158457485030.0,1.5596675985628744e+16,7346149135329342.0,2261999980838323.5,4524531736526.946,6894720881437126.0,2102581422754491.0,0.029567063127344032,28
350,omp_get_max_threads,3.245,7.28151919137134e+16,1.5854154946070878e+16,1.4623091919876734e+16,1.4187170761171032e+16,2090500832049306.8,2500057491525424.0,2.0066601614791988e+16,9451516992295840.0,2910277325115562.5,5821238828967.643,8870711765793528.0,2705170243451463.5,0.022980867029516502,28
351,__pthread_cond_signal,3.055,7.734379632078558e+16,1.6840174402618656e+16,1.5532547718494272e+16,1.5069515260229132e+16,2220515613747954.0,2655543882160392.5,2.131460629787234e+16,1.00393363797054e+16,3091276569558101.0,6183279869067.103,9422409060556464.0,2873413237315875.5,0.02163530008479905,28
352,object_dealloc,2.925,8.078129837948718e+16,1.75886265982906e+16,1.6222883172649576e+16,1.5739271494017094e+16,2319205196581197.0,2773568054700854.5,2.2261922133333336e+16,1.0485529107692308e+16,3228666639316239.5,6458092307692.308,9841182796581196.0,3001120492307692.5,0.020714649017360788,28
353,ext4_mpage_readpages,2.845,8.305282873813707e+16,1.808321012302285e+16,1.6679062664323372e+16,1.618185206326889e+16,2384420105448154.5,2851559423550087.5,2.2887916428822492e+16,1.0780377026362038e+16,3319455156414762.5,6639690685413.005,1.0117912014059754e+16,3085510523725835.0,0.02014809451432186,28
354,__tls_get_addr_slow,2.785,8.48421176876122e+16,1.8472794542190304e+16,1.70383961508079e+16,1.6530473651705566e+16,2435790017953321.0,2912993378815080.5,2.338101337163375e+16,1.1012629314183124e+16,3390969450628366.0,6782736086175.942,1.0335892165170556e+16,3151984718132854.5,0.019723178637042666,28
355,tuple_alloc,2.34,1.0097662297435898e+17,2.198578324786325e+16,2.0278603965811964e+16,1.967408936752137e+16,2899006495726496.0,3466960068376069.0,2.7827402666666668e+16,1.3106911384615386e+16,4035833299145299.0,8072615384615.386,1.2301478495726496e+16,3751400615384615.5,0.01657171921388863,28
356,__do_page_cache_readahead,2.035,1.1611071142997542e+17,2.528094977886978e+16,2.3317903331695332e+16,2.262278580835381e+16,3333501326781326.5,3986578162162161.5,3.1998094466830464e+16,1.5071337906633906e+16,4640712491400491.0,9282515970515.97,1.4145189031941032e+16,4313649847665847.5,0.014411730171052722,28
357,__GI___pthread_once,1.94,1.217965452371134e+17,2.6518934432989692e+16,2.4459759422680412e+16,2.373060263917526e+16,3496739793814433.0,4181797195876289.0,3.3565011463917524e+16,1.5809367340206188e+16,4867963876288660.0,9737072164948.455,1.483786581443299e+16,4524885278350516.0,0.013738946698693995,28
359,_PyDict_LoadGlobal,1.92,1.2306525925e+17,2.6795173333333336e+16,2.4714548583333336e+16,2.3977796416666668e+16,3533164166666667.0,4225357583333333.5,3.3914647e+16,1.597404825e+16,4918671833333334.0,9838500000000.0,1.4992426916666668e+16,4572019500000000.0,0.013597308072934262,28
