,CPU Time (s),Retiring,Front-End Bound,Bad Speculation,L1 Bound,L2 Bound,L3 Bound,Memory Bandwidth,Local DRAM,Remote DRAM,Remote Cache,Store Bound,Core Bound,CPU Time %,Function,config,python_func
8,147.53532411955146,2467979178457.2725,394876668553.1636,0.0,7946892954632.419,3899407101962.4907,7897533371063.271,35785698087630.45,49359583569145.45,49359583569145.45,0.0,43189635623002.266,1974383342765.8179,1.623473795148741,AVX2::direct_copy_kernel(float),8,Collation
7,235.285,67990833600000.0,1019470400000.0,470524800000.0,392104000000.0,0.0,0.0,5411035200000.0,0.0,0.0,0.0,470524800000.0,8469446400000.001,2.5890683073434317,jpeg_idct_16x16,8,Loader
6,218.97653902773396,4579704343906.74,1772788778286.4802,960260588238.5101,17949486380150.613,7534352307717.541,17136958190102.64,43581057466209.305,34938712172062.715,590929592762.16,0.0,59536156470787.625,8346880497765.511,2.409610545714593,__memmove_avx_unaligned_erms,8,Loader
3,537.976,152234880000000.0,906160000000.0,2356016000000.0,362464000000.0,181232000000.0,0.0,17217040000000.0,0.0,0.0,0.0,724928000000.0,23922624000000.0,5.919869994735703,ycc_rgb_convert,8,Loader
0,1868.632,260448688000000.0,53344912000000.0,267979734400000.03,110455347200000.02,1255174400000.0,627587200000.0,72172528000000.0,0.0,0.0,0.0,627587200000.0,27613836800000.004,20.562364321090467,decode_mcu,8,Loader
5,365.74,34106299200000.0,18336720000000.0,64911988800000.0,8434891200000.0,244489600000.0,122244800000.0,14058152000000.0,0.0,0.0,0.0,0.0,3911833600000.0,4.024590784485992,jpeg_fill_bit_buffer,8,Loader
19,2.375,16352000000.0,265720000000.0,80942400000.0,255091200000.0,0.0,179872000000.0,75219200000.0,0.0,0.0,0.0,195406400000.0,135721600000.00002,0.026134420936059,__libc_calloc,8,Loader
10,144.185,25003344000000.0,2697856000000.0,12284880000000.0,1589808000000.0,0.0,48176000000.0,3902256000000.0,192704000000.0,0.0,0.0,192704000000.0,7130048000000.0,1.5866069400697564,decompress_onepass,8,Loader
16,30.015,4696422400000.0,2763196800000.0,1528361600000.0,617417600000.0,10121600000.0,0.0,1153862400000.0,0.0,0.0,0.0,647782400000.0,718633600000.0,0.3302840607982366,__memset_avx2_unaligned_erms,8,Loader
1,1472.182,343246084800000.0,15488542400000.0,29478193600000.0,8993347200000.0,0.0,0.0,45965996800000.0,0.0,0.0,0.0,1498891200000.0,104422753600000.0,16.199841718942846,jpeg_idct_islow,8,Loader
11,143.64,44759318400000.0,3088488000000.0,1520486400000.0,427636800000.0,0.0,0.0,4276368000000.0,0.0,0.0,0.0,950304000000.0,0.0,1.5806097782128503,ImagingUnpackRGB,8,Loader
9,63.9565284723968,2993282933637.2197,131092683224.98773,0.0,4763034157174.555,2862190250412.232,1682356101387.3425,19161380531385.707,0.0,0.0,0.0,1900843906762.322,8477326848549.207,0.7037755101922789,AVX2::div_true_kernel(float),8,Normalize
15,34.235,3081892800000.0,2248948800000.0,0.0,0.0,1332710400000.0,2629723200000.0,10352304000000.0,0.0,0.0,0.0,392673600000.0,3545961600000.0,0.3767208003140972,add_kernel(float),8,Normalize
8,79.91967588044855,1336900821542.7275,213904131446.8364,0.0,4304820645367.5835,2112303298037.5095,4278082628936.728,19385061912369.55,26738016430854.55,26738016430854.55,0.0,23395764376997.73,1069520657234.182,0.8794334528560196,AVX2::direct_copy_kernel(float),8,Normalize
17,22.595,7031827200000.0,184625600000.0,698366400000.0,152516800000.0,136462400000.0,120408000000.0,1814147200000.0,0.0,0.0,0.0,842856000000.0,64217600000.0,0.2486346278106331,ImagingFlipLeftRight,8,RandomHorizontalFlip
4,463.466,133684636800000.0,779048000000.0,311619200000.0,1558096000000.0,155809600000.0,623238400000.0,7634670400000.001,1558096000000.0,0.0,0.0,311619200000.0,19632009600000.0,5.099964435179594,ImagingResampleVertical_8bpc,8,RandomResizedCrop
6,51.92057077177459,1085873694768.2686,420338204426.4265,227683194064.31436,4255924319817.569,1786437368812.3127,4063269309455.4565,10333314192149.652,8284165445570.823,140112734808.80884,0.0,14116358031987.49,1979092379174.4248,0.5713322323326318,__memmove_avx_unaligned_erms,8,RandomResizedCrop
2,667.206,198633648000000.0,3591116800000.0,0.0,1795558400000.0,0.0,448889600000.0,18404473600000.0,0.0,0.0,0.0,0.0,22220035200000.0,7.341912612658612,ImagingResampleHorizontal_8bpc,8,RandomResizedCrop
18,7.587296921775025,471203128526.5478,972643890969.2377,194024817628.57852,110871324359.18771,90712901748.42632,486321945484.61884,907129017484.2632,0.0,0.0,0.0,22678225437.10658,153707972407.0557,0.08349036274548773,_int_free,8,RandomResizedCrop
6,17.707890200491445,370345161324.9908,143359417287.0932,77653017697.17549,1451514100031.8186,609277523470.1461,1385807700441.901,3524252341641.041,2825375182366.462,47786472429.03107,0.0,4814487097224.88,674983923060.0638,0.19485703426911924,__memmove_avx_unaligned_erms,8,ToTensor
9,108.4084715276032,5073715466362.779,222206516775.01224,0.0,8073503442825.445,4851508949587.768,2851650298612.657,32479185868614.29,0.0,0.0,0.0,3221994493237.6777,14369354751450.793,1.1929232117630115,AVX2::div_true_kernel(float),8,ToTensor
18,2.5877030782249766,160707271473.4522,331727309030.76227,66173582371.42149,37813475640.81228,30938298251.573685,165863654515.38113,309382982515.7369,0.0,0.0,0.0,7734574562.893421,52423227592.9443,0.028474998527944082,_int_free,8,ToTensor
12,85.275,28722168000000.0,247872000000.0,247872000000.0,123936000000.0,61968000000.0,0.0,8799456000000.0,0.0,0.0,1518216000000.0,0.0,1890024000000.0,0.9383632611883932,AVX2::direct_copy_kernel(unsigned char),8,ToTensor
13,47.62,3474240000000.0,132352000000.0,66176000000.0,2911744000000.0,2729760000000.0,1306976000000.0,13632256000000.0,0.0,0.0,0.0,8023840000000.0,2680128000000.0,0.524008894726371,"AVX2::copy_kernel(char**long const*, long, long)",8,ToTensor
14,38.98,10577836800000.0,706060800000.0,261504000000.0,143827200000.0,143827200000.0,65376000000.0,4040236800000.0,0.0,0.0,0.0,653760000000.0,1111392000000.0,0.4289346223526656,ImagingPackRGB,8,ToTensor
28,148.22896332226952,2451859866714.5874,686520762680.0845,196148789337.16702,7061356416138.013,4070087378746.216,7944025968155.264,38984571880761.945,49037197334291.75,49037197334291.75,0.0,43888291614191.12,2648008656051.7554,1.527727455991541,AVX2::direct_copy_kernel(float),12,Collation
27,242.15,67581592000000.0,1635732800000.0,3099283200000.0,602638400000.0,86091200000.0,0.0,4562833600000.0,0.0,0.0,0.0,947003200000.0,12483224000000.0,2.4957281976266303,jpeg_idct_16x16,12,Loader
26,252.4129558149745,4696438962724.672,1772241118009.3103,443060279502.3276,23304970701822.43,7709248863340.5,15507109782581.465,45457984676938.805,65395697254543.55,2303913453412.1035,0.0,70978256776272.88,7620636807440.034,2.6015037426129117,__memmove_avx_unaligned_erms,12,Loader
23,591.146,165755648000000.0,2396467200000.0,2795878400000.0,998528000000.0,199705600000.0,199705600000.0,12980864000000.0,599116800000.0,0.0,0.0,1198233600000.0,25562316800000.0,6.092668763634904,ycc_rgb_convert,12,Loader
20,2006.758,264204864000000.0,58045007999999.99,264872048000000.03,112754095999999.98,1334368000000.0,667184000000.0,51373168000000.0,0.0,0.0,0.0,667184000000.0,49371616000000.0,20.682727757228257,decode_mcu,12,Loader
25,396.996,36235622400000.0,19050345600000.0,65943504000000.0,9192124800000.0,0.0,133219200000.0,9991440000000.0,266438400000.0,0.0,0.0,0.0,9725001600000.0,4.091654394156439,jpeg_fill_bit_buffer,12,Loader
39,3.645,199475200000.0,479208000000.0,0.0,419988800000.0,0.0,254798400000.00003,90387200000.0,0.0,0.0,0.0,150385600000.0,0.0,0.0375673313250013,__libc_calloc,12,Loader
30,156.52,28357632000000.0,3342336000000.0,10653696000000.0,2297856000000.0,0.0,261120000000.0,3081216000000.0,0.0,0.0,0.0,417792000000.0,7990272000000.0,1.6131793412864766,decompress_onepass,12,Loader
35,35.445,4464200000000.0,2983136000000.0,1848704000000.0,672256000000.0,10504000000.0,0.0,850824000000.0,0.0,0.0,0.0,1060904000000.0,577720000000.0,0.3653152424731609,__memset_avx2_unaligned_erms,12,Loader
21,1602.037,354867660800000.0,18392531200000.0,36785062400000.0,11360092800000.0,0.0,0.0,32457408000000.0,0.0,0.0,0.0,2163827200000.0,120633366400000.0,16.511455356354222,jpeg_idct_islow,12,Loader
31,155.925,46607568000000.0,3012240000000.0,0.0,821520000000.0,0.0,328608000000.0,3943296000000.0,0.0,0.0,0.0,1862112000000.0,4217136000000.0,1.6070469511250562,ImagingUnpackRGB,12,Loader
29,56.32898973405366,2621296266868.158,154193898051.0681,154193898051.0681,4953478974890.563,3083877961021.3623,2235811521740.488,19177866070101.598,0.0,0.0,0.0,2582747792355.391,6688160327965.08,0.5805568780635916,AVX2::div_true_kernel(float),12,Normalize
36,30.935,3288816000000.0,2449929600000.0,171590400000.0,333648000000.0,1105804800000.0,2507126400000.0,9532800000000.0,0.0,0.0,0.0,257385600000.00003,1010476800000.0,0.3188327557034062,add_kernel(float),12,Normalize
28,82.14603667773045,1358780133285.4119,380458437319.91534,108702410662.83296,3913286783861.9863,2255575021253.784,4402447631844.734,21604604119238.05,27175602665708.24,27175602665708.24,0.0,24322164385808.875,1467482543948.2454,0.8466412556674926,AVX2::direct_copy_kernel(float),12,Normalize
37,23.16,6696518400000.0,49420800000.0,140025600000.0,568339200000.0,288288000000.0,131788800000.0,1812096000000.0,0.0,0.0,0.0,1037836800000.0,667180800000.0,0.2386994220814898,ImagingFlipLeftRight,12,RandomHorizontalFlip
24,457.296,144156787200000.0,1611508800000.0002,0.0,3369518399999.9995,0.0,1025505600000.0,8057544000000.0,0.0,0.0,0.0,879004800000.0,7178539200000.001,4.713138640767572,ImagingResampleVertical_8bpc,12,RandomResizedCrop
26,62.27579330109101,1158714144246.3184,437250620470.3088,109312655117.5772,5749845659184.561,1902040199045.8433,3825942929115.2017,11215478415063.42,16134547895354.395,568425806611.4014,0.0,17511887349835.867,1880177668022.328,0.641847835519721,__memmove_avx_unaligned_erms,12,RandomResizedCrop
22,667.346,200646849600000.0,4575009600000.0,435715200000.0,3921436800000.0,217857600000.0,435715200000.0,20478614400000.0,435715200000.0,0.0,0.0,0.0,11110737600000.0,6.878026965820118,ImagingResampleHorizontal_8bpc,12,RandomResizedCrop
38,8.197364193539773,474534299958.86914,1418809624119.4473,426601542387.26624,330736027244.0603,11983189392.900736,505690592380.4111,989811443853.6008,220490684829.37354,0.0,0.0,21569740907.221325,16776465150.061031,0.08448644626897411,_int_free,12,RandomResizedCrop
26,22.621250883934493,420894893029.0099,158828261520.38107,39707065380.09527,2088591638993.0112,690902937613.6577,1389747288303.3345,4073944907997.775,5860762850102.062,206476739976.4954,0.0,6361071873891.263,682961524537.6387,0.2331467837977355,__memmove_avx_unaligned_erms,12,ToTensor
29,101.77601026594631,4736194933131.841,278599701948.9318,278599701948.9318,8950015425109.436,5571994038978.637,4039695678259.5117,34650837929898.395,0.0,0.0,0.0,4666545007644.608,12084262072034.918,1.0489583260898603,AVX2::div_true_kernel(float),12,ToTensor
38,2.977635806460228,172371300041.1309,515372775880.553,154960057612.73383,120137572755.93971,4352810607.099265,183688607619.589,359542156146.3993,80091715170.62646,0.0,0.0,7835059092.778677,6093934849.938971,0.03068911684677059,_int_free,12,ToTensor
32,85.985,28451200000000.0,312963200000.0,0.0,256060800000.0,0.0,170707200000.0,6173910400000.0,0.0,0.0,0.0,56902400000.0,0.0,0.8862076773608335,AVX2::direct_copy_kernel(unsigned char),12,ToTensor
33,55.83,3103878400000.0,78579200000.0,117868800000.0,5598768000000.0,3025299200000.0,1689452800000.0,14969337600000.0,0.0,0.0,0.0,13201305600000.0,3614643200000.0,0.575414021364835,"AVX2::copy_kernel(char**long const*, long, long)",12,ToTensor
34,37.57,10664774400000.0,681766400000.0,121744000000.0,365232000000.0,121744000000.0,133918400000.00002,3335785600000.0,0.0,0.0,0.0,1558323200000.0,474801600000.0,0.3872166359068036,ImagingPackRGB,12,ToTensor
48,158.4583183149277,2923662469795.908,1409622976508.7415,313249550335.2759,7204739657711.346,5220825838921.265,8405529600663.238,40879066318753.51,52208258389212.65,52208258389212.65,0.0,47979389459686.42,2714829436239.0576,1.54168577642038,AVX2::direct_copy_kernel(float),16,Collation
47,265.07,76334400000000.0,2629296000000.0,0.0,1357056000000.0,84816000000.0,0.0,5343408000000.0,0.0,0.0,0.0,1187424000000.0,5937120000000.0,2.5789409675771653,jpeg_idct_16x16,16,Loader
46,290.87630548029205,5131658594900.173,1677657617563.518,296057226628.8561,25164864263452.77,7006687696882.928,13914689651556.236,46382298838520.79,98685742209618.7,2171086328611.6116,0.0,75988021501406.4,8684345314446.446,2.8300178092602537,__memmove_avx_unaligned_erms,16,Loader
43,595.736,167639520000000.0,4525480000000.0,3541680000000.0,2754640000000.0,196760000000.0,393520000000.0,12789400000000.0,393520000000.0,0.0,0.0,1574080000000.0,17511640000000.0,5.796083963709775,ycc_rgb_convert,16,Loader
40,1957.253,272014142400000.0,62138428800000.01,280256995200000.03,117302136000000.0,2536262400000.0,1902196800000.0,43116460800000.0,0.0,0.0,0.0,634065600000.0,12681312000000.0,19.042667769318705,decode_mcu,16,Loader
45,393.516,41616995200000.0,22047875200000.0,70057449600000.0,11089168000000.0,260921600000.0,0.0,8610412800000.0,260921600000.0,0.0,0.0,130460800000.0,0.0,3.828628414370151,jpeg_fill_bit_buffer,16,Loader
59,3.605,71928000000.0,499944000000.0,79920000000.0,404928000000.0,15096000000.0,209568000000.0,104784000000.0,0.0,0.0,0.0,224664000000.0,70152000000.0,0.0350740641646194,__libc_calloc,16,Loader
51,156.935,28479462400000.0,4459417600000.0,13428928000000.0,2736460800000.0,202700800000.0,101350400000.0,3040512000000.0,202700800000.0,0.0,0.0,658777600000.0,3445913600000.0,1.5268649818792108,decompress_onepass,16,Loader
56,33.705,4959348800000.0,3054587200000.0,1927990400000.0,557491200000.0,104529600000.0,0.0,917537600000.0,0.0,0.0,0.0,1533100800000.0,871080000000.0,0.3279254736944518,__memset_avx2_unaligned_erms,16,Loader
41,1574.652,388315008000000.0,23503276800000.0,32700211200000.0,14306342400000.0,0.0,0.0,29634566400000.0,510940800000.0,0.0,510940800000.0,3065644800000.0,60801955200000.0,15.32023447571328,jpeg_idct_islow,16,Loader
50,159.75,46594144000000.0,3113312000000.0,0.0,1319200000000.0,158304000000.0,0.0,4010368000000.0,0.0,0.0,0.0,2902240000000.0,3482688000000.0,1.5542529127040108,ImagingUnpackRGB,16,Loader
49,68.15672435064482,2601348392930.7373,304662424397.2936,70306713322.45236,5343310212506.379,2812268532898.094,2460734966285.8325,19639008588071.69,164048997752.38882,0.0,0.0,2859139675113.0625,7288462614427.562,0.663116039701747,AVX2::div_true_kernel(float),16,Normalize
55,37.995,3657326400000.0,2974089600000.0,66984000000.0,388507200000.0,1527235200000.0,2585582400000.0,10811217600000.0,415300800000.0,0.0,0.0,267936000000.0,2518598400000.0,0.3696640965144844,add_kernel(float),16,Normalize
48,90.24668168507229,1665111930204.0913,802821823491.2583,178404849664.72406,4103311542288.654,2973414161078.7344,4787196799336.764,23281832881246.492,29734141610787.344,29734141610787.344,0.0,27325676140313.57,1546175363760.942,0.8780354796300176,AVX2::direct_copy_kernel(float),16,Normalize
57,31.37,6810848000000.0,123833600000.00002,0.0,686713600000.0,315212800000.0,45030400000.0,2026368000000.0,0.0,0.0,0.0,1204563200000.0,2071398400000.0,0.3052075985697954,ImagingFlipLeftRight,16,RandomHorizontalFlip
44,537.191,148178776000000.0,3038648000000.0,0.0,5898552000000.0,178744000000.0,893720000000.0,9294688000000.0,1429952000000.0,0.0,0.0,1072464000000.0,25917880000000.0,5.226483107532898,ImagingResampleVertical_8bpc,16,RandomResizedCrop
46,73.41261985725313,1295150187783.6414,423414484467.72894,74720203141.36392,6351217267015.934,1768378141012.2795,3511849547644.1045,11706165158813.682,24906734380454.645,547948156370.00214,0.0,19178185472950.074,2191792625480.0085,0.7142521329725695,__memmove_avx_unaligned_erms,16,RandomResizedCrop
42,761.416,217448616000000.0,6931656000000.0,0.0,6674928000000.0,513456000000.0,770184000000.0,20538240000000.0,513456000000.0,0.0,0.0,0.0,30550632000000.0,7.408031522875976,ImagingResampleHorizontal_8bpc,16,RandomResizedCrop
58,9.372942969649353,466483170274.34985,1338603879917.6995,257869578598.8642,110101617828.72853,78230096878.30711,1031478314395.4568,1185041097156.5781,223100646652.94992,0.0,0.0,43461164932.392845,388253073396.0427,0.09119201196360617,_int_free,16,RandomResizedCrop
46,26.84207466245481,473549617316.1862,154814297968.75317,27320170229.779972,2322214469531.298,646577362104.7927,1284048000799.6587,4280160002665.5293,9106723409926.658,200347915018.38647,0.0,7012177025643.526,801391660073.5459,0.26115413287723893,__memmove_avx_unaligned_erms,16,ToTensor
49,129.02327564935518,4924451607069.263,576737575602.7064,133093286677.54764,10115089787493.621,5323731467101.905,4658265033714.167,37177391411928.305,310551002247.61115,0.0,0.0,5412460324886.9375,13797337385572.44,1.2553039247863709,AVX2::div_true_kernel(float),16,ToTensor
58,3.427057030350647,170561629725.65012,489437720082.30035,94285621401.13579,40256782171.27146,28603503121.69288,377142485604.54315,433290102843.42175,81572953347.05006,0.0,0.0,15890835067.607155,141958126603.95724,0.03334280670688732,_int_free,16,ToTensor
52,105.44,35147200000000.0,527208000000.0,0.0,1124710400000.0,70294400000.0,246030400000.0,5026049600000.0,0.0,0.0,0.0,105441600000.0,0.0,1.0258555687981905,AVX2::direct_copy_kernel(unsigned char),16,ToTensor
53,77.355,3575880000000.0,194040000000.0,0.0,8066520000000.0,3187800000000.0,1801800000000.0,16022160000000.0,0.0,0.0,0.0,16798320000000.0,4407480000000.0,0.7526086639262521,"AVX2::copy_kernel(char**long const*, long, long)",16,ToTensor
54,45.615,11292408000000.0,913003200000.0,448492800000.0,384422400000.0,432475200000.0,112123200000.0,3700065600000.0,0.0,0.0,0.0,1793971200000.0,2386622400000.0,0.4438012307542626,ImagingPackRGB,16,ToTensor
68,165.88320221967513,3568601498345.652,1728541350761.1753,334556390469.90485,7527518785572.859,7081443598279.653,8531187956982.574,43548090159499.28,54198135256124.586,55759398411650.81,0.0,49681623984780.875,2286135334877.683,1.4012380817842915,AVX2::direct_copy_kernel(float),20,Collation
67,322.655,92713830400000.0,7229977600000.0,850585600000.0,3933958400000.0,106323200000.0,0.0,8080563200000.0,0.0,0.0,0.0,2020140800000.0,4784544000000.0,2.725510884938087,jpeg_idct_16x16,20,Loader
66,303.0037814189774,5593351128993.674,3271582735826.4883,1160884196583.5928,24800707836104.023,8970468791782.307,11714376892798.07,50867834795753.79,105534926962144.78,2216233466205.0405,0.0,85588825766299.4,8653864010895.871,2.559514355688968,__memmove_avx_unaligned_erms,20,Loader
63,751.321,214452369600000.0,15442563200000.0,0.0,8468502400000.0,498147200000.0,498147200000.0,22167550400000.0,0.0,0.0,0.0,1743515200000.0,18431446400000.0,6.346511176279831,ycc_rgb_convert,20,Loader
60,2215.113,326452094400000.0,85036086400000.0,296185012800000.0,144128960000000.0,6485803200000.0,2161934400000.0,63416742400000.01,0.0,0.0,0.0,1441289600000.0,7927092800000.001,18.71136226888739,decode_mcu,20,Loader
65,472.286,56590736000000.01,29233336000000.0,73630488000000.0,17665064000000.0,0.0,0.0,13600535999999.998,0.0,0.0,312656000000.0,0.0,0.0,3.989464393249352,jpeg_fill_bit_buffer,20,Loader
79,3.43,135820800000.0,645926400000.0,34214400000.0,359769600000.0,0.0,269568000000.0,104716800000.0,0.0,0.0,0.0,120268800000.0,73612800000.0,0.0289736788065817,__libc_calloc,20,Loader
71,185.0,34127649600000.0,8273369600000.0,10037544000000.0,7056697600000.0,0.0,425835200000.0,4866688000000.0,0.0,0.0,0.0,1095004800000.0,5049188800000.0,1.5627202854861886,decompress_onepass,20,Loader
75,42.445,5846041600000.0,3950419200000.0,2213971200000.0,1201043200000.0,289408000000.0,0.0,1418099200000.0,0.0,0.0,0.0,2431027200000.0,1070809600000.0,0.3585387163106015,__memset_avx2_unaligned_erms,20,Loader
61,1894.678,471579916800000.06,46293840000000.0,26541801600000.0,23455545600000.0,617251200000.0,0.0,47528342400000.0,0.0,0.0,0.0,5555260800000.0,66045878399999.99,16.00460402737514,jpeg_idct_islow,20,Loader
69,202.955,56515200000000.0,4807040000000.0,1883840000000.0,3572800000000.0,259840000000.0,584640000000.0,6171200000000.0,0.0,0.0,0.0,3053120000000.0,1364160000000.0,1.714388624545132,ImagingUnpackRGB,20,Loader
70,64.42418040245514,3055089499365.488,742556475540.2228,190943093710.343,5770724609912.588,2970225902160.891,2545907916137.9062,19051877572432.0,0.0,0.0,0.0,2970225902160.891,6555712884055.109,0.5441998572472346,AVX2::div_true_kernel(float),20,Normalize
76,36.31,3282451200000.0,3008913600000.0,455896000000.0,1015996800000.0,1367688000000.0,2891683200000.0,11775142400000.0,442870400000.0,0.0,0.0,507998400000.0,1914763200000.0,0.3067155327892081,add_kernel(float),20,Normalize
68,90.82679778032484,1953932901654.3477,946436249238.8247,183181209530.0951,4121577214427.1396,3877335601720.346,4671120843017.425,23844087440500.71,29675355943875.406,30530201588349.184,0.0,27202409615219.12,1251738265122.3164,0.7672263749030572,AVX2::direct_copy_kernel(float),20,Normalize
77,34.225,8203936000000.0,365851200000.0,0.0,986689600000.0,0.0,343678400000.0,2372489600000.0,0.0,0.0,0.0,1263849600000.0,1541009600000.0,0.2891032528149449,ImagingFlipLeftRight,20,RandomHorizontalFlip
64,621.411,185392166400000.0,9668979200000.0,0.0,15764640000000.0,630585600000.0,630585600000.0,15764640000000.0,630585600000.0,0.0,0.0,1261171200000.0,15974835200000.0,5.249143650401393,ImagingResampleVertical_8bpc,20,RandomResizedCrop
66,79.69763654899802,1471192416417.6326,860508771866.9172,305341822275.3578,6523211657700.824,2359459535764.128,3081176570233.1553,13379523485156.586,27758347479577.973,582925297071.1375,0.0,22512019805937.734,2276184493325.3936,0.6732168288671605,__memmove_avx_unaligned_erms,20,RandomResizedCrop
62,900.121,265222156800000.0,15531027200000.0,6869492799999.999,17621742400000.0,896020800000.0,597347200000.0,35840832000000.0,0.0,0.0,0.0,0.0,9557555200000.0,7.603445114011424,ImagingResampleHorizontal_8bpc,20,RandomResizedCrop
78,11.092930933687654,808296269989.2991,1748260710655.5881,303568282394.1712,486440741667.76825,76806432894.91077,526672682707.9596,1199643332834.7966,570562072933.6229,0.0,0.0,98751128007.74243,248706544612.09204,0.09370350375984292,_int_free,20,RandomResizedCrop
66,28.034582032024577,517509254588.6936,302694092306.59436,107407581141.04962,2294616506195.151,829967672453.5652,1083840136968.7733,4706404919089.629,9764325558277.238,205050836723.822,0.0,7918868027762.839,800674695778.7333,0.23681194614362933,__memmove_avx_unaligned_erms,20,ToTensor
70,127.76581959754483,6058843300634.511,1472635524459.777,378677706289.6569,11444481790087.41,5890542097839.108,5049036083862.093,37783620027567.99,0.0,0.0,0.0,5890542097839.108,13001267915944.889,1.0792553409559575,AVX2::div_true_kernel(float),20,ToTensor
78,3.902069066312347,284327730010.70105,614971289344.4122,106783717605.82892,171111258332.23184,27017567105.089237,185263317292.0405,421988667165.2033,200701927066.3772,0.0,0.0,34736871992.2576,87485455387.908,0.03296131073132138,_int_free,20,ToTensor
72,125.49,40297600000000.0,1047737600000.0,0.0,2780534400000.0,161190400000.0,282083200000.0,8462496000000.0,0.0,0.0,0.0,161190400000.0,0.0,1.060031181760334,AVX2::direct_copy_kernel(unsigned char),20,ToTensor
73,86.36,4518144000000.0,1108224000000.0,824064000000.0,9434112000000.0,4518144000000.0,2017536000000.0,18157824000000.0,0.0,0.0,0.0,17305344000000.0,4148736000000.0,0.7294947235383095,"AVX2::copy_kernel(char**long const*, long, long)",20,ToTensor
74,53.61,14363033600000.0,1257676800000.0,546816000000.0,1184768000000.0,182272000000.0,382771200000.0,3499622400000.0,0.0,0.0,0.0,1859174400000.0,1385267200000.0,0.4528509973238625,ImagingPackRGB,20,ToTensor
88,171.48034401178066,3920823593711.9854,2457829715461.2446,0.0,10650595433665.395,5325297716832.697,9772799106714.95,42836460755181.695,58519755130029.63,58519755130029.63,0.0,48512877002794.57,3277106287281.6597,1.3087792750758849,AVX2::direct_copy_kernel(float),24,Collation
87,381.536,108523040000000.0,13656832000000.0,0.0,5121312000000.0,121936000000.0,121936000000.0,11705856000000.0,0.0,0.0,0.0,2804528000000.0,0.0,2.91197461944121,jpeg_idct_16x16,24,Loader
86,322.8706696449898,6804234861587.836,4280083219385.8965,2414405918627.942,26558465104907.36,9328386503789.775,11084318080973.732,53007184486240.72,109745723573997.34,2194914471479.947,0.0,90979204842843.81,6036014796569.8545,2.464226692548535,__memmove_avx_unaligned_erms,24,Loader
83,869.651,249325384000000.03,28886968000000.004,0.0,12340064000000.002,841368000000.0,841368000000.0,31411072000000.0,0.0,0.0,0.0,1402280000000.0,2524104000000.0,6.637385829310125,ycc_rgb_convert,24,Loader
80,2340.983,377007264000000.0,111791520000000.0,306848448000000.0,168072768000000.0,7709760000000.0,3854880000000.0,79410528000000.0,0.0,0.0,0.0,2312928000000.0,0.0,17.866945925268762,decode_mcu,24,Loader
85,542.841,78419968000000.0,38853529600000.0,72716697600000.0,25308262400000.0,178227200000.0,0.0,16753356800000.0,0.0,356454400000.0,0.0,0.0,0.0,4.143093218967767,jpeg_fill_bit_buffer,24,Loader
99,4.395,88580800000.0,432550400000.0,83979200000.0,404940800000.00006,0.0,131145600000.0,195568000000.0,187515200000.0,0.0,0.0,179462400000.0,0.0,0.0335436982419591,__libc_calloc,24,Loader
90,202.855,36831968000000.0,13906649600000.0,13080512000000.0,9362892800000.0,619603200000.0,481913600000.0,6746790400000.001,0.0,0.0,0.0,1514585600000.0002,2753792000000.0,1.54823820406658,decompress_onepass,24,Loader
95,49.1,6436851200000.0,5767673600000.0,2166860800000.0,1402086400000.0,111529600000.0,0.0,2182793600000.0,0.0,0.0,0.0,3154694400000.0,637312000000.0,0.3747430224528312,__memset_avx2_unaligned_erms,24,Loader
81,2059.013,561569843200000.06,72240780800000.0,24534604800000.0,30668256000000.0,1363033600000.0,681516800000.0,63381062400000.01,0.0,681516800000.0,0.0,6815168000000.0,21127020800000.0,15.714882991643,jpeg_idct_islow,24,Loader
89,224.31,68998320000000.0,6560495999999.999,0.0,6032640000000.0,150816000000.0,0.0,8068655999999.999,0.0,0.0,0.0,4298256000000.0,2940912000000.0,1.711987930069136,ImagingUnpackRGB,24,Loader
91,64.57830390824913,3893972364340.6353,1407990007445.2014,0.0,5477961122716.486,3497975174746.6724,2573981732360.759,19909858699029.8,153998907064.3189,0.0,0.0,2749980483291.409,5631960029780.806,0.49287716479541266,AVX2::div_true_kernel(float),24,Normalize
96,41.775,4685900800000.0,3043712000000.0,268979200000.0,453017600000.0,1755443200000.0,2930457600000.0,12174848000000.0,0.0,0.0,0.0,552115200000.0,2463283200000.0,0.3188368587162327,add_kernel(float),24,Normalize
88,90.84465598821933,2077123606288.0144,1302077484538.7554,0.0,5642335766334.606,2821167883167.303,5177308093285.051,22693350444818.31,31001844869970.363,31001844869970.363,0.0,25700529397205.434,1736103312718.3403,0.6933482883648271,AVX2::direct_copy_kernel(float),24,Normalize
97,37.16,11093593600000.0,568563200000.0,1639577600000.0,1494131200000.0,158668800000.0,238003200000.0,2353587200000.0,0.0,0.0,0.0,766899200000.0,0.0,0.2836140675019798,ImagingFlipLeftRight,24,RandomHorizontalFlip
84,729.286,214706822400000.0,16873315200000.0,2689948800000.0,25432243200000.0,489081600000.0,1222704000000.0,22253212800000.0,489081600000.0,0.0,0.0,1467244800000.0,8314387200000.0,5.5660863517828,ImagingResampleVertical_8bpc,24,RandomResizedCrop
86,87.53534892624612,1844735768164.1357,1160398305780.666,654583659671.145,7200420256382.594,2529073230547.6055,3005134073944.802,14371086710052.863,29753802712324.77,595076054246.4954,0.0,24665902448517.24,1636459149177.8623,0.6680908600424575,__memmove_avx_unaligned_erms,24,RandomResizedCrop
82,1059.906,309832691200000.0,27018252800000.0,7368614400000.0,27369139200000.0,1052659200000.0,701772800000.0,49474982400000.0,350886400000.0,0.0,0.0,0.0,5614182400000.0,8.089457799508972,ImagingResampleHorizontal_8bpc,24,RandomResizedCrop
98,11.606329780158054,917476274521.5076,1799360797014.1636,264960820659.2285,1206164929866.6372,0.0,731608236148.616,1597674202184.0046,379645354974.41693,292643294459.4464,0.0,98865977857.92108,0.0,0.0885823034908499,_int_free,24,RandomResizedCrop
86,30.04498142876409,633173370248.0276,398286474833.4367,224674421700.91306,2471418638710.0435,868060265662.6185,1031459845081.4644,4932624803706.408,10212473713677.865,204249474273.55728,0.0,8466140708638.951,561686054252.2826,0.22931053258969938,__memmove_avx_unaligned_erms,24,ToTensor
91,132.35169609175088,7980603635659.364,2885641992554.7983,0.0,11226950877283.512,7169016825253.327,5275314267639.241,40804781300970.195,315617092935.6811,0.0,0.0,5636019516708.591,11542567970219.193,1.0101400126309836,AVX2::div_true_kernel(float),24,ToTensor
98,3.983670219841946,314907725478.49243,617599202985.8364,90943179340.77151,413995070133.36285,0.0,251111763851.38403,548373797815.9954,130306645025.58307,100444705540.55362,0.0,33934022142.078922,0.0,0.03040433031851129,_int_free,24,ToTensor
92,144.845,46868800000000.0,1781014400000.0,421819200000.0,4499404800000.0,234344000000.0,328081600000.0,9654972800000.0,0.0,0.0,0.0,374950400000.0,0.0,1.105491916235852,AVX2::direct_copy_kernel(unsigned char),24,ToTensor
93,99.085,5152963200000.0,1739961600000.0,200764800000.0,10874760000000.0,4918737600000.0,2409177600000.0,20009558400000.0,0.0,0.0,0.0,18938812800000.0,5387188800000.0,0.7562405779987531,"AVX2::copy_kernel(char**long const*, long, long)",24,ToTensor
94,62.615,16601032000000.0,1526057600000.0,0.0,2165352000000.0,391825600000.0,412448000000.0,3773899200000.0,0.0,0.0,0.0,1959128000000.0,2165352000000.0,0.4778927566371492,ImagingPackRGB,24,ToTensor
108,183.63902235291738,4562586588389.194,3001701702887.628,0.0,8464798802143.11,9125173176778.389,8885037040547.379,46406308326642.73,60034034057752.555,60034034057752.555,0.0,52709881902706.74,2281293294194.597,1.3005189380963955,AVX2::direct_copy_kernel(float),28,Collation
107,401.416,123082449600000.0,18756724800000.0,0.0,7119340800000.0,136910400000.0,0.0,13143398400000.0,0.0,0.0,0.0,3833491200000.0,0.0,2.842800529898427,jpeg_idct_16x16,28,Loader
106,335.1647632840881,7709367723021.2295,6235518011267.171,1360476657003.7463,26415921756822.742,9183217434775.29,10430321037028.72,55552796827652.98,113373054750312.2,2154088040255.932,0.0,95686858209263.52,8843098270524.352,2.3736138237322044,__memmove_avx_unaligned_erms,28,Loader
103,959.796,271957363200000.0,37489449600000.0,0.0,15885360000000.0,635414400000.0,953121600000.0,33994670400000.0,0.0,0.0,0.0,1270828800000.0,8895801600000.0,6.797209322484382,ycc_rgb_convert,28,Loader
100,2529.858,410568312000000.0,133497672000000.0,321569864000000.0,176317680000000.0,10075296000000.0,5037648000000.0,83960800000000.0,0.0,0.0,0.0,3358432000000.0,0.0,17.91628052436319,decode_mcu,28,Loader
105,598.461,90025945600000.0,44226720000000.0,74300889600000.0,26339468800000.0,393126400000.0,196563200000.0,18280377600000.0,393126400000.0,0.0,0.0,0.0,0.0,4.238259680539745,jpeg_fill_bit_buffer,28,Loader
119,4.175,94726400000.0,664331200000.0,59827200000.0,464907200000.0,29913600000.0,49856000000.0,300382400000.0,256758400000.00003,0.0,0.0,179481600000.0,47363200000.0,0.029567063127344,__libc_calloc,28,Loader
110,227.22,39400345600000.0,18070835200000.0,11257241600000.0,11923788800000.002,962790400000.0,370304000000.0,6961715200000.0,0.0,0.0,0.0,1925580800000.0,2888371200000.0,1.609156427256314,decompress_onepass,28,Loader
115,53.35,5731987200000.0,5985936000000.0,3192499200000.0005,1197187200000.0,90696000000.0,0.0,1795780800000.0,0.0,0.0,0.0,3845510400000.0,1868337600000.0,0.3778210342140848,__memset_avx2_unaligned_erms,28,Loader
101,2285.968,607091072000000.0,88235596800000.0,30166016000000.0,37707520000000.0,754150400000.0,754150400000.0,70135987200000.01,0.0,0.0,0.0,8295654400000.001,24886963200000.0,16.18906830253614,jpeg_idct_islow,28,Loader
109,249.785,73736081600000.0,6357982400000.0,4541416000000.0,7101123200000.0,247713600000.0,825712000000.0,8669976000000.0,0.0,0.0,0.0,5367128000000.0,0.0,1.7689602067697314,ImagingUnpackRGB,28,Loader
111,64.60638064629367,4275996436103.6855,1966958360607.6953,256559786166.22113,5366375527310.125,3677356935049.1694,2800777665647.914,19733723552618.508,171039857444.14743,0.0,0.0,2758017701286.877,5302235580768.57,0.4575379485025587,AVX2::div_true_kernel(float),28,Normalize
116,41.435,4919040000000.0,3494400000000.0,0.0,887040000000.0,1895040000000.0,3064320000000.0,12888960000000.0,0.0,0.0,0.0,631680000000.0,2016000000000.0,0.2934398229177246,add_kernel(float),28,Normalize
108,90.61597764708263,2251391011610.8066,1481178297112.3728,0.0,4176922797856.891,4502782023221.613,4384287759452.6235,22899016473357.285,29623565942247.457,29623565942247.457,0.0,26009490897293.266,1125695505805.4033,0.6417361272903684,AVX2::direct_copy_kernel(float),28,Normalize
117,40.6,11296080000000.0,805008000000.0,0.0,1337352000000.0,441456000000.0,38952000000.0,2505912000000.0,0.0,0.0,0.0,1051704000000.0,805008000000.0,0.2875264102922557,ImagingFlipLeftRight,28,RandomHorizontalFlip
104,728.621,237528819200000.0,21570988800000.0,0.0,29257203200000.0,1239712000000.0,1239712000000.0,26281894400000.0,2231481600000.0,0.0,0.0,1735596800000.0,0.0,5.16004385698408,ImagingResampleVertical_8bpc,28,RandomResizedCrop
106,90.57462815195883,2083372690963.6384,1685080852985.2957,367654004287.70087,7138615249919.525,2481664528941.981,2818680699539.04,15012538508414.453,30637833690641.742,582118840122.1931,0.0,25858331634901.633,2389751027870.0557,0.6414432930071088,__memmove_avx_unaligned_erms,28,RandomResizedCrop
102,1092.406,346077740800000.0,36544640000000.0,0.0,32524729600000.0,1827232000000.0,730892800000.0,54451513600000.0,0.0,0.0,0.0,0.0,0.0,7.736344230584284,ImagingResampleHorizontal_8bpc,28,RandomResizedCrop
118,13.14101724446,993697464308.6167,1952323253406.341,428653808133.1288,335129340904.0825,11690558403.630785,720917768223.8984,1586019090092.5764,720917768223.8984,0.0,0.0,77937056024.20523,171461523253.25153,0.09306378117951268,_int_free,28,RandomResizedCrop
106,31.181608563953098,717230786015.1327,580113135747.5338,126570138708.55283,2457570193257.734,854348436282.7316,970371063432.2382,5168280663932.573,10547511559046.068,200402719621.8753,0.0,8902099755834.883,822705901605.5934,0.22082600929881022,__memmove_avx_unaligned_erms,28,ToTensor
111,135.7086193537063,8981923563896.312,4131684839392.304,538915413833.7788,11272314072689.873,7724454264950.829,5883159934352.085,41451577247381.484,359276942555.85254,0.0,0.0,5793340698713.122,11137585219231.428,0.9610791174504758,AVX2::div_true_kernel(float),28,ToTensor
118,4.523982755539997,342094535691.3832,672115146593.6587,147570191866.8712,115373059095.91747,4024641596.369214,248186231776.10153,546009709907.4234,248186231776.10153,0.0,0.0,26830943975.79476,59028076746.74848,0.03203853502277052,_int_free,28,ToTensor
112,151.835,50009600000000.0,2250432000000.0,0.0,5301017600000.0,300057600000.0,250048000000.0,9851891200000.0,0.0,0.0,0.0,300057600000.0,0.0,1.0752850371114446,AVX2::direct_copy_kernel(unsigned char),28,ToTensor
113,99.585,5668715200000.0,2406828800000.0,0.0,10830729600000.0,5415364800000.0,2565172800000.0,19096286400000.0,0.0,0.0,0.0,16879470400000.0,6492104000000.0,0.7052541273141449,"AVX2::copy_kernel(char**long const*, long, long)",28,ToTensor
114,62.675,17141280000000.0,1693224000000.0,1609608000000.0,2529384000000.0,209040000000.0,522600000000.0,4076280000000.0,0.0,0.0,0.0,2069496000000.0,313560000000.0,0.4438600434745598,ImagingPackRGB,28,ToTensor
